ISO-10303-21;
HEADER;
FILE_DESCRIPTION (( 'STEP AP214' ),
    '1' );
FILE_NAME ('NRJ4HF.STEP',
    '2023-08-23T14:43:59',
    ( '' ),
    ( '' ),
    'SwSTEP 2.0',
    'SolidWorks 2021',
    '' );
FILE_SCHEMA (( 'AUTOMOTIVE_DESIGN' ));
ENDSEC;

DATA;
#1 = DIRECTION ( 'NONE',  ( 0.000000000000000000, 0.000000000000000000, -1.000000000000000000 ) ) ;
#2 = PRODUCT_DEFINITION ( 'UNKNOWN', '', #641, #513 ) ;
#3 = EDGE_CURVE ( 'NONE', #1117, #823, #1264, .T. ) ;
#4 = ORIENTED_EDGE ( 'NONE', *, *, #850, .F. ) ;
#5 = CARTESIAN_POINT ( 'NONE',  ( -4.200000000000000178, 0.000000000000000000, -4.250000000000000000 ) ) ;
#6 = ORIENTED_EDGE ( 'NONE', *, *, #255, .T. ) ;
#7 = CARTESIAN_POINT ( 'NONE',  ( 9.320000000000000284, 0.000000000000000000, 0.000000000000000000 ) ) ;
#8 = CARTESIAN_POINT ( 'NONE',  ( 0.000000000000000000, 10.00000000000000000, -24.29999999999999716 ) ) ;
#9 = ADVANCED_FACE ( 'NONE', ( #1239 ), #1142, .T. ) ;
#10 = PRODUCT_CONTEXT ( 'NONE', #1374, 'mechanical' ) ;
#11 = VERTEX_POINT ( 'NONE', #1233 ) ;
#12 = DIRECTION ( 'NONE',  ( 0.000000000000000000, 0.000000000000000000, -1.000000000000000000 ) ) ;
#13 = DIRECTION ( 'NONE',  ( 0.000000000000000000, -1.000000000000000000, 0.000000000000000000 ) ) ;
#14 = CONICAL_SURFACE ( 'NONE', #805, 5.100000000000000533, 0.7853981633972990650 ) ;
#15 = AXIS2_PLACEMENT_3D ( 'NONE', #406, #851, #1268 ) ;
#16 = COLOUR_RGB ( '',0.7921568627450980005, 0.8196078431372548767, 0.9333333333333333481 ) ;
#17 = DIRECTION ( 'NONE',  ( 1.000000000000000000, 0.000000000000000000, 0.000000000000000000 ) ) ;
#18 = ORIENTED_EDGE ( 'NONE', *, *, #830, .T. ) ;
#19 = VECTOR ( 'NONE', #1149, 1000.000000000000114 ) ;
#20 = DIRECTION ( 'NONE',  ( 0.000000000000000000, -1.000000000000000000, 0.000000000000000000 ) ) ;
#21 = CARTESIAN_POINT ( 'NONE',  ( 7.230000000000000426, -4.000000000000000000, -4.250000000000000000 ) ) ;
#22 =( NAMED_UNIT ( * ) PLANE_ANGLE_UNIT ( ) SI_UNIT ( $, .RADIAN. ) );
#23 = CARTESIAN_POINT ( 'NONE',  ( 0.000000000000000000, 0.9000000000000000222, 0.000000000000000000 ) ) ;
#24 = ORIENTED_EDGE ( 'NONE', *, *, #110, .T. ) ;
#25 = DIRECTION ( 'NONE',  ( 0.000000000000000000, -1.000000000000000000, 0.000000000000000000 ) ) ;
#26 = CARTESIAN_POINT ( 'NONE',  ( 9.320000000000000284, 0.000000000000000000, 0.000000000000000000 ) ) ;
#27 = DIRECTION ( 'NONE',  ( 0.000000000000000000, 0.000000000000000000, -1.000000000000000000 ) ) ;
#28 = CARTESIAN_POINT ( 'NONE',  ( 0.000000000000000000, 6.500000000000000000, -23.15000000000000213 ) ) ;
#29 =( LENGTH_UNIT ( ) NAMED_UNIT ( * ) SI_UNIT ( .MILLI., .METRE. ) );
#30 = ORIENTED_EDGE ( 'NONE', *, *, #643, .T. ) ;
#31 = DIRECTION ( 'NONE',  ( 0.000000000000000000, -1.000000000000000000, 0.000000000000000000 ) ) ;
#32 = DIRECTION ( 'NONE',  ( 0.000000000000000000, -1.000000000000000000, 0.000000000000000000 ) ) ;
#33 = ADVANCED_FACE ( 'NONE', ( #839 ), #1257, .T. ) ;
#34 = DIRECTION ( 'NONE',  ( 0.000000000000000000, 0.000000000000000000, 1.000000000000000000 ) ) ;
#35 = AXIS2_PLACEMENT_3D ( 'NONE', #1380, #665, #331 ) ;
#36 = AXIS2_PLACEMENT_3D ( 'NONE', #332, #219, #17 ) ;
#37 = ORIENTED_EDGE ( 'NONE', *, *, #613, .F. ) ;
#38 = CARTESIAN_POINT ( 'NONE',  ( 5.100000000000000533, 0.000000000000000000, -15.29999999999999893 ) ) ;
#39 = MECHANICAL_DESIGN_GEOMETRIC_PRESENTATION_REPRESENTATION (  '', ( #1090 ), #241 ) ;
#40 = LINE ( 'NONE', #1193, #188 ) ;
#41 = CARTESIAN_POINT ( 'NONE',  ( -4.200000000000000178, 0.000000000000000000, -7.450000000000000178 ) ) ;
#42 = ORIENTED_EDGE ( 'NONE', *, *, #944, .T. ) ;
#43 = EDGE_CURVE ( 'NONE', #603, #183, #179, .T. ) ;
#44 = ORIENTED_EDGE ( 'NONE', *, *, #126, .F. ) ;
#45 = DIRECTION ( 'NONE',  ( 0.000000000000000000, 1.000000000000000000, 0.000000000000000000 ) ) ;
#46 = EDGE_CURVE ( 'NONE', #778, #485, #289, .T. ) ;
#47 = ORIENTED_EDGE ( 'NONE', *, *, #1207, .T. ) ;
#48 = DIRECTION ( 'NONE',  ( 0.000000000000000000, -1.000000000000000000, 0.000000000000000000 ) ) ;
#49 = CARTESIAN_POINT ( 'NONE',  ( -4.200000000000000178, -4.000000000000000000, -3.500000000000000000 ) ) ;
#50 = CARTESIAN_POINT ( 'NONE',  ( 0.000000000000000000, 6.500000000000000000, 8.349999999999999645 ) ) ;
#51 = ORIENTED_EDGE ( 'NONE', *, *, #540, .F. ) ;
#52 = VECTOR ( 'NONE', #703, 1000.000000000000000 ) ;
#53 = CARTESIAN_POINT ( 'NONE',  ( 7.230000000000000426, 0.000000000000000000, -5.000000000000000000 ) ) ;
#54 = CARTESIAN_POINT ( 'NONE',  ( -6.429999999999999716, 0.000000000000000000, 0.000000000000000000 ) ) ;
#55 = CIRCLE ( 'NONE', #74, 5.599999999999999645 ) ;
#56 = AXIS2_PLACEMENT_3D ( 'NONE', #722, #870, #426 ) ;
#57 = SURFACE_SIDE_STYLE ('',( #265 ) ) ;
#58 = COLOUR_RGB ( '',0.7921568627450980005, 0.8196078431372548767, 0.9333333333333333481 ) ;
#59 = DIRECTION ( 'NONE',  ( 0.000000000000000000, 0.000000000000000000, -1.000000000000000000 ) ) ;
#60 = ORIENTED_EDGE ( 'NONE', *, *, #1085, .T. ) ;
#61 = DIRECTION ( 'NONE',  ( 0.000000000000000000, 0.000000000000000000, -1.000000000000000000 ) ) ;
#62 = FACE_OUTER_BOUND ( 'NONE', #1349, .T. ) ;
#63 = EDGE_CURVE ( 'NONE', #531, #737, #954, .T. ) ;
#64 = FACE_OUTER_BOUND ( 'NONE', #1178, .T. ) ;
#65 = PRODUCT_DEFINITION_CONTEXT ( 'detailed design', #1169, 'design' ) ;
#66 = DIRECTION ( 'NONE',  ( 0.000000000000000000, -1.000000000000000000, 0.000000000000000000 ) ) ;
#67 = CARTESIAN_POINT ( 'NONE',  ( -4.200000000000000178, 0.000000000000000000, -16.19999999999999929 ) ) ;
#68 = EDGE_CURVE ( 'NONE', #694, #1254, #683, .T. ) ;
#69 = ORIENTED_EDGE ( 'NONE', *, *, #684, .F. ) ;
#70 = CARTESIAN_POINT ( 'NONE',  ( 0.000000000000000000, 6.500000000000000000, -21.39999999999999858 ) ) ;
#71 = DIRECTION ( 'NONE',  ( 1.000000000000000000, 0.000000000000000000, 0.000000000000000000 ) ) ;
#72 = CARTESIAN_POINT ( 'NONE',  ( 7.230000000000000426, 0.000000000000000000, -16.94999999999999929 ) ) ;
#73 = AXIS2_PLACEMENT_3D ( 'NONE', #686, #484, #1002 ) ;
#74 = AXIS2_PLACEMENT_3D ( 'NONE', #1182, #108, #663 ) ;
#75 = DIRECTION ( 'NONE',  ( 0.000000000000000000, -1.000000000000000000, 0.000000000000000000 ) ) ;
#76 = VECTOR ( 'NONE', #1251, 1000.000000000000114 ) ;
#77 = UNCERTAINTY_MEASURE_WITH_UNIT (LENGTH_MEASURE( 1.000000000000000082E-05 ), #547, 'distance_accuracy_value', 'NONE');
#78 = STYLED_ITEM ( 'NONE', ( #1012 ), #1260 ) ;
#79 = ORIENTED_EDGE ( 'NONE', *, *, #868, .F. ) ;
#80 =( GEOMETRIC_REPRESENTATION_CONTEXT ( 3 ) GLOBAL_UNCERTAINTY_ASSIGNED_CONTEXT ( ( #673 ) ) GLOBAL_UNIT_ASSIGNED_CONTEXT ( ( #987, #995, #1075 ) ) REPRESENTATION_CONTEXT ( 'NONE', 'WORKASPACE' ) );
#81 = EDGE_CURVE ( 'NONE', #425, #863, #1136, .T. ) ;
#82 = DIRECTION ( 'NONE',  ( 0.000000000000000000, -1.000000000000000000, 0.000000000000000000 ) ) ;
#83 = CYLINDRICAL_SURFACE ( 'NONE', #482, 0.7499999999999997780 ) ;
#84 = DIRECTION ( 'NONE',  ( -1.000000000000000000, 0.000000000000000000, 0.000000000000000000 ) ) ;
#85 = CARTESIAN_POINT ( 'NONE',  ( 0.000000000000000000, -2.000000000000000000, 0.000000000000000000 ) ) ;
#86 = VERTEX_POINT ( 'NONE', #847 ) ;
#87 = ORIENTED_EDGE ( 'NONE', *, *, #222, .F. ) ;
#88 = CARTESIAN_POINT ( 'NONE',  ( 0.000000000000000000, 1.899999999999999911, 8.849999999999999645 ) ) ;
#89 = EDGE_CURVE ( 'NONE', #1150, #310, #826, .T. ) ;
#90 = DIRECTION ( 'NONE',  ( 0.000000000000000000, 0.000000000000000000, -1.000000000000000000 ) ) ;
#91 = DIRECTION ( 'NONE',  ( 0.000000000000000000, -1.000000000000000000, 0.000000000000000000 ) ) ;
#92 = ORIENTED_EDGE ( 'NONE', *, *, #1326, .T. ) ;
#93 = DIRECTION ( 'NONE',  ( 0.000000000000000000, 0.000000000000000000, -1.000000000000000000 ) ) ;
#94 = CARTESIAN_POINT ( 'NONE',  ( 0.000000000000000000, 3.250000000000000000, 0.000000000000000000 ) ) ;
#95 = PRODUCT_RELATED_PRODUCT_CATEGORY ( 'part', '', ( #1055 ) ) ;
#96 = VECTOR ( 'NONE', #1157, 1000.000000000000000 ) ;
#97 = ORIENTED_EDGE ( 'NONE', *, *, #535, .T. ) ;
#98 = PLANE ( 'NONE',  #760 ) ;
#99 = CIRCLE ( 'NONE', #455, 3.250000000000000000 ) ;
#100 = ADVANCED_FACE ( 'NONE', ( #295 ), #194, .T. ) ;
#101 = AXIS2_PLACEMENT_3D ( 'NONE', #102, #1035, #867 ) ;
#102 = CARTESIAN_POINT ( 'NONE',  ( 0.000000000000000000, 10.25000000000000000, 8.349999999999999645 ) ) ;
#103 = AXIS2_PLACEMENT_3D ( 'NONE', #1144, #930, #591 ) ;
#104 = AXIS2_PLACEMENT_3D ( 'NONE', #950, #1381, #411 ) ;
#105 = SURFACE_STYLE_FILL_AREA ( #864 ) ;
#106 = VERTEX_POINT ( 'NONE', #1350 ) ;
#107 = FACE_OUTER_BOUND ( 'NONE', #742, .T. ) ;
#108 = DIRECTION ( 'NONE',  ( 0.000000000000000000, 0.000000000000000000, 1.000000000000000000 ) ) ;
#109 = ORIENTED_EDGE ( 'NONE', *, *, #3, .F. ) ;
#110 = EDGE_CURVE ( 'NONE', #1117, #1220, #1173, .T. ) ;
#111 = ORIENTED_EDGE ( 'NONE', *, *, #63, .T. ) ;
#112 = DIRECTION ( 'NONE',  ( 0.000000000000000000, 0.000000000000000000, -1.000000000000000000 ) ) ;
#113 = CARTESIAN_POINT ( 'NONE',  ( 7.230000000000000426, 0.000000000000000000, -4.250000000000000000 ) ) ;
#114 = EDGE_CURVE ( 'NONE', #408, #881, #753, .T. ) ;
#115 = CARTESIAN_POINT ( 'NONE',  ( 2.974999999999998312, 1.748601263784621157E-15, 0.000000000000000000 ) ) ;
#116 = ORIENTED_EDGE ( 'NONE', *, *, #868, .T. ) ;
#117 = FACE_OUTER_BOUND ( 'NONE', #247, .T. ) ;
#118 = DIRECTION ( 'NONE',  ( 0.000000000000000000, -1.000000000000000000, 0.000000000000000000 ) ) ;
#119 = PRESENTATION_STYLE_ASSIGNMENT (( #557 ) ) ;
#120 = ORIENTED_EDGE ( 'NONE', *, *, #268, .F. ) ;
#121 = AXIS2_PLACEMENT_3D ( 'NONE', #1348, #1236, #271 ) ;
#122 = CARTESIAN_POINT ( 'NONE',  ( 5.100000000000000533, 0.000000000000000000, -13.79999999999999893 ) ) ;
#123 = CONICAL_SURFACE ( 'NONE', #915, 3.824999999999999289, 0.2204937613667171392 ) ;
#124 = CIRCLE ( 'NONE', #898, 0.7499999999999997780 ) ;
#125 = APPLICATION_PROTOCOL_DEFINITION ( 'draft international standard', 'automotive_design', 1998, #1196 ) ;
#126 = EDGE_CURVE ( 'NONE', #694, #408, #284, .T. ) ;
#127 = AXIS2_PLACEMENT_3D ( 'NONE', #818, #488, #814 ) ;
#128 = ORIENTED_EDGE ( 'NONE', *, *, #1085, .F. ) ;
#129 = AXIS2_PLACEMENT_3D ( 'NONE', #1097, #154, #975 ) ;
#130 = DIRECTION ( 'NONE',  ( 0.000000000000000000, -1.000000000000000000, 0.000000000000000000 ) ) ;
#131 = CARTESIAN_POINT ( 'NONE',  ( 0.000000000000000000, 3.000000000000000000, -24.29999999999999716 ) ) ;
#132 = CARTESIAN_POINT ( 'NONE',  ( 0.000000000000000000, 3.250000000000000000, 8.349999999999999645 ) ) ;
#133 = EDGE_LOOP ( 'NONE', ( #1379, #568, #964, #4, #242 ) ) ;
#134 = CARTESIAN_POINT ( 'NONE',  ( 0.000000000000000000, 11.09999999999999964, 8.849999999999999645 ) ) ;
#135 = ORIENTED_EDGE ( 'NONE', *, *, #1295, .F. ) ;
#136 =( NAMED_UNIT ( * ) SI_UNIT ( $, .STERADIAN. ) SOLID_ANGLE_UNIT ( ) );
#137 = EDGE_CURVE ( 'NONE', #1141, #253, #402, .T. ) ;
#138 = ORIENTED_EDGE ( 'NONE', *, *, #492, .F. ) ;
#139 = LINE ( 'NONE', #243, #1320 ) ;
#140 = DIRECTION ( 'NONE',  ( 0.000000000000000000, 1.000000000000000000, 0.000000000000000000 ) ) ;
#141 = FILL_AREA_STYLE ('',( #786 ) ) ;
#142 = CARTESIAN_POINT ( 'NONE',  ( 7.230000000000000426, 0.000000000000000000, -3.500000000000000000 ) ) ;
#143 = ORIENTED_EDGE ( 'NONE', *, *, #535, .F. ) ;
#144 = LINE ( 'NONE', #360, #1177 ) ;
#145 = EDGE_CURVE ( 'NONE', #1005, #817, #943, .T. ) ;
#146 =( LENGTH_UNIT ( ) NAMED_UNIT ( * ) SI_UNIT ( .MILLI., .METRE. ) );
#147 = ADVANCED_FACE ( 'NONE', ( #880 ), #305, .F. ) ;
#148 = AXIS2_PLACEMENT_3D ( 'NONE', #70, #501, #597 ) ;
#149 = PLANE ( 'NONE',  #523 ) ;
#150 = AXIS2_PLACEMENT_3D ( 'NONE', #41, #362, #1230 ) ;
#151 =( GEOMETRIC_REPRESENTATION_CONTEXT ( 3 ) GLOBAL_UNCERTAINTY_ASSIGNED_CONTEXT ( ( #288 ) ) GLOBAL_UNIT_ASSIGNED_CONTEXT ( ( #29, #894, #441 ) ) REPRESENTATION_CONTEXT ( 'NONE', 'WORKASPACE' ) );
#152 = AXIS2_PLACEMENT_3D ( 'NONE', #1092, #432, #978 ) ;
#153 = ORIENTED_EDGE ( 'NONE', *, *, #613, .T. ) ;
#154 = DIRECTION ( 'NONE',  ( 0.000000000000000000, 0.000000000000000000, 1.000000000000000000 ) ) ;
#155 = DIRECTION ( 'NONE',  ( 0.000000000000000000, -1.000000000000000000, 0.000000000000000000 ) ) ;
#156 = ADVANCED_FACE ( 'NONE', ( #657 ), #14, .T. ) ;
#157 = EDGE_LOOP ( 'NONE', ( #6, #439 ) ) ;
#158 = SURFACE_STYLE_FILL_AREA ( #695 ) ;
#159 = DIRECTION ( 'NONE',  ( 0.000000000000000000, 0.000000000000000000, 1.000000000000000000 ) ) ;
#160 = CARTESIAN_POINT ( 'NONE',  ( 0.000000000000000000, 6.500000000000000000, 0.000000000000000000 ) ) ;
#161 = EDGE_CURVE ( 'NONE', #1199, #401, #1189, .T. ) ;
#162 = ORIENTED_EDGE ( 'NONE', *, *, #633, .F. ) ;
#163 =( NAMED_UNIT ( * ) SI_UNIT ( $, .STERADIAN. ) SOLID_ANGLE_UNIT ( ) );
#164 = DIRECTION ( 'NONE',  ( 0.000000000000000000, 0.000000000000000000, -1.000000000000000000 ) ) ;
#165 = CLOSED_SHELL ( 'NONE', ( #716, #1286, #1162, #442, #380, #100, #982, #1079, #606, #1029, #1333, #156, #1138, #1384, #397, #1003, #386, #1238, #1122, #1168, #563, #738, #249, #1073, #1376, #317, #1270 ) ) ;
#166 = AXIS2_PLACEMENT_3D ( 'NONE', #293, #1253, #723 ) ;
#167 = CARTESIAN_POINT ( 'NONE',  ( 7.230000000000000426, 0.000000000000000000, -16.94999999999999929 ) ) ;
#168 = EDGE_CURVE ( 'NONE', #11, #1005, #1018, .T. ) ;
#169 = AXIS2_PLACEMENT_3D ( 'NONE', #335, #118, #564 ) ;
#170 = AXIS2_PLACEMENT_3D ( 'NONE', #1165, #186, #1266 ) ;
#171 = CONICAL_SURFACE ( 'NONE', #938, 5.100000000000000533, 0.7853981633972990650 ) ;
#172 = CARTESIAN_POINT ( 'NONE',  ( -6.429999999999999716, 0.000000000000000000, -21.39999999999999858 ) ) ;
#173 = DIRECTION ( 'NONE',  ( 0.000000000000000000, -1.000000000000000000, 0.000000000000000000 ) ) ;
#174 = DIRECTION ( 'NONE',  ( 0.000000000000000000, 0.000000000000000000, 1.000000000000000000 ) ) ;
#175 = EDGE_CURVE ( 'NONE', #232, #253, #520, .T. ) ;
#176 = DIRECTION ( 'NONE',  ( 0.000000000000000000, 1.000000000000000000, 0.000000000000000000 ) ) ;
#177 = DIRECTION ( 'NONE',  ( 0.000000000000000000, 0.000000000000000000, -1.000000000000000000 ) ) ;
#178 = EDGE_LOOP ( 'NONE', ( #1282, #333, #820, #214 ) ) ;
#179 = LINE ( 'NONE', #609, #96 ) ;
#180 = DIRECTION ( 'NONE',  ( 0.000000000000000000, 1.000000000000000000, 0.000000000000000000 ) ) ;
#181 = CARTESIAN_POINT ( 'NONE',  ( 7.230000000000000426, -4.000000000000000000, -5.000000000000000000 ) ) ;
#182 = EDGE_CURVE ( 'NONE', #1365, #926, #99, .T. ) ;
#183 = VERTEX_POINT ( 'NONE', #986 ) ;
#184 = DIRECTION ( 'NONE',  ( 0.000000000000000000, 0.000000000000000000, 1.000000000000000000 ) ) ;
#185 = FACE_BOUND ( 'NONE', #1091, .T. ) ;
#186 = DIRECTION ( 'NONE',  ( 0.000000000000000000, -1.000000000000000000, 0.000000000000000000 ) ) ;
#187 = AXIS2_PLACEMENT_3D ( 'NONE', #262, #155, #692 ) ;
#188 = VECTOR ( 'NONE', #228, 1000.000000000000000 ) ;
#189 = DIRECTION ( 'NONE',  ( 0.000000000000000000, 0.000000000000000000, -1.000000000000000000 ) ) ;
#190 = VERTEX_POINT ( 'NONE', #356 ) ;
#191 = AXIS2_PLACEMENT_3D ( 'NONE', #72, #701, #1129 ) ;
#192 = UNCERTAINTY_MEASURE_WITH_UNIT (LENGTH_MEASURE( 1.000000000000000082E-05 ), #958, 'distance_accuracy_value', 'NONE');
#193 = EDGE_CURVE ( 'NONE', #1269, #1108, #789, .T. ) ;
#194 = PLANE ( 'NONE',  #385 ) ;
#195 = DIRECTION ( 'NONE',  ( 0.000000000000000000, -1.000000000000000000, 0.000000000000000000 ) ) ;
#196 = DIRECTION ( 'NONE',  ( 0.000000000000000000, 0.000000000000000000, -1.000000000000000000 ) ) ;
#197 = DIRECTION ( 'NONE',  ( 0.000000000000000000, 0.000000000000000000, 1.000000000000000000 ) ) ;
#198 = ORIENTED_EDGE ( 'NONE', *, *, #850, .T. ) ;
#199 = PRODUCT_DEFINITION ( 'UNKNOWN', '', #1135, #65 ) ;
#200 = CARTESIAN_POINT ( 'NONE',  ( 0.000000000000000000, 6.500000000000000000, 0.000000000000000000 ) ) ;
#201 = CARTESIAN_POINT ( 'NONE',  ( 0.000000000000000000, 9.750000000000000000, -21.27361162513000181 ) ) ;
#202 = EDGE_LOOP ( 'NONE', ( #724, #1058, #912, #869 ) ) ;
#203 = CARTESIAN_POINT ( 'NONE',  ( -4.200000000000000178, 0.000000000000000000, -16.19999999999999929 ) ) ;
#204 = FACE_OUTER_BOUND ( 'NONE', #896, .T. ) ;
#205 = ORIENTED_EDGE ( 'NONE', *, *, #804, .F. ) ;
#206 = ORIENTED_EDGE ( 'NONE', *, *, #883, .T. ) ;
#207 =( LENGTH_UNIT ( ) NAMED_UNIT ( * ) SI_UNIT ( .MILLI., .METRE. ) );
#208 = EDGE_CURVE ( 'NONE', #258, #1141, #720, .T. ) ;
#209 = VERTEX_POINT ( 'NONE', #28 ) ;
#210 = PLANE ( 'NONE',  #595 ) ;
#211 = VECTOR ( 'NONE', #631, 1000.000000000000000 ) ;
#212 =( REPRESENTATION_RELATIONSHIP ('NONE','NONE', #1213, #927 ) REPRESENTATION_RELATIONSHIP_WITH_TRANSFORMATION ( #1245 )SHAPE_REPRESENTATION_RELATIONSHIP( ) );
#213 = CARTESIAN_POINT ( 'NONE',  ( -4.200000000000000178, 0.000000000000000000, -16.94999999999999929 ) ) ;
#214 = ORIENTED_EDGE ( 'NONE', *, *, #582, .F. ) ;
#215 = AXIS2_PLACEMENT_3D ( 'NONE', #985, #1098, #1312 ) ;
#216 = CONICAL_SURFACE ( 'NONE', #323, 1.625000000000000666, 1.047197551196400456 ) ;
#217 = VERTEX_POINT ( 'NONE', #1100 ) ;
#218 = CIRCLE ( 'NONE', #980, 3.500000000000000444 ) ;
#219 = DIRECTION ( 'NONE',  ( 0.000000000000000000, 0.000000000000000000, 1.000000000000000000 ) ) ;
#220 = ORIENTED_EDGE ( 'NONE', *, *, #373, .F. ) ;
#221 = LINE ( 'NONE', #203, #303 ) ;
#222 = EDGE_CURVE ( 'NONE', #1121, #1199, #297, .T. ) ;
#223 = DIRECTION ( 'NONE',  ( 0.000000000000000000, 0.000000000000000000, -1.000000000000000000 ) ) ;
#224 = APPLICATION_PROTOCOL_DEFINITION ( 'draft international standard', 'automotive_design', 1998, #1374 ) ;
#225 = ORIENTED_EDGE ( 'NONE', *, *, #1339, .F. ) ;
#226 = CARTESIAN_POINT ( 'NONE',  ( 7.230000000000000426, 0.000000000000000000, -17.69999999999999929 ) ) ;
#227 = FACE_OUTER_BOUND ( 'NONE', #178, .T. ) ;
#228 = DIRECTION ( 'NONE',  ( 0.000000000000000000, -1.000000000000000000, 0.000000000000000000 ) ) ;
#229 = DIRECTION ( 'NONE',  ( 0.000000000000000000, 0.000000000000000000, -1.000000000000000000 ) ) ;
#230 = EDGE_CURVE ( 'NONE', #106, #1335, #410, .T. ) ;
#231 = DIRECTION ( 'NONE',  ( 1.000000000000000000, 0.000000000000000000, 0.000000000000000000 ) ) ;
#232 = VERTEX_POINT ( 'NONE', #134 ) ;
#233 = LINE ( 'NONE', #897, #1134 ) ;
#234 = DIRECTION ( 'NONE',  ( 0.000000000000000000, 0.000000000000000000, -1.000000000000000000 ) ) ;
#235 = AXIS2_PLACEMENT_3D ( 'NONE', #464, #1106, #164 ) ;
#236 = DIRECTION ( 'NONE',  ( 0.000000000000000000, -1.000000000000000000, 0.000000000000000000 ) ) ;
#237 = VERTEX_POINT ( 'NONE', #142 ) ;
#238 = AXIS2_PLACEMENT_3D ( 'NONE', #1082, #785, #1203 ) ;
#239 = ADVANCED_FACE ( 'NONE', ( #949 ), #1084, .F. ) ;
#240 = AXIS2_PLACEMENT_3D ( 'NONE', #382, #1360, #391 ) ;
#241 =( GEOMETRIC_REPRESENTATION_CONTEXT ( 3 ) GLOBAL_UNCERTAINTY_ASSIGNED_CONTEXT ( ( #576 ) ) GLOBAL_UNIT_ASSIGNED_CONTEXT ( ( #824, #708, #584 ) ) REPRESENTATION_CONTEXT ( 'NONE', 'WORKASPACE' ) );
#242 = ORIENTED_EDGE ( 'NONE', *, *, #497, .T. ) ;
#243 = CARTESIAN_POINT ( 'NONE',  ( 7.230000000000000426, 0.000000000000000000, -3.500000000000000000 ) ) ;
#244 = LINE ( 'NONE', #967, #299 ) ;
#245 = DIRECTION ( 'NONE',  ( 0.000000000000000000, -1.000000000000000000, 0.000000000000000000 ) ) ;
#246 = DIRECTION ( 'NONE',  ( 1.000000000000000000, 0.000000000000000000, 0.000000000000000000 ) ) ;
#247 = EDGE_LOOP ( 'NONE', ( #18, #712, #111, #792 ) ) ;
#248 = CARTESIAN_POINT ( 'NONE',  ( 0.000000000000000000, 0.9000000000000000222, 7.849999999999999645 ) ) ;
#249 = ADVANCED_FACE ( 'NONE', ( #901 ), #1313, .T. ) ;
#250 = DIRECTION ( 'NONE',  ( 0.000000000000000000, 0.000000000000000000, -1.000000000000000000 ) ) ;
#251 = CARTESIAN_POINT ( 'NONE',  ( 7.230000000000000426, 0.000000000000000000, -4.250000000000000000 ) ) ;
#252 = VERTEX_POINT ( 'NONE', #1204 ) ;
#253 = VERTEX_POINT ( 'NONE', #88 ) ;
#254 = CARTESIAN_POINT ( 'NONE',  ( 0.000000000000000000, 2.750000000000000000, 8.849999999999999645 ) ) ;
#255 = EDGE_CURVE ( 'NONE', #1228, #823, #1361, .T. ) ;
#256 = LINE ( 'NONE', #366, #545 ) ;
#257 = CIRCLE ( 'NONE', #638, 5.599999999999999645 ) ;
#258 = VERTEX_POINT ( 'NONE', #23 ) ;
#259 = CYLINDRICAL_SURFACE ( 'NONE', #599, 3.250000000000000000 ) ;
#260 = CIRCLE ( 'NONE', #371, 0.7499999999999997780 ) ;
#261 =( NAMED_UNIT ( * ) PLANE_ANGLE_UNIT ( ) SI_UNIT ( $, .RADIAN. ) );
#262 = CARTESIAN_POINT ( 'NONE',  ( -4.200000000000000178, 0.000000000000000000, -16.94999999999999929 ) ) ;
#263 = ORIENTED_EDGE ( 'NONE', *, *, #1043, .T. ) ;
#264 = ORIENTED_EDGE ( 'NONE', *, *, #589, .F. ) ;
#265 = SURFACE_STYLE_FILL_AREA ( #505 ) ;
#266 = FACE_OUTER_BOUND ( 'NONE', #1057, .T. ) ;
#267 = ORIENTED_EDGE ( 'NONE', *, *, #725, .F. ) ;
#268 = EDGE_CURVE ( 'NONE', #1220, #1228, #519, .T. ) ;
#269 = CARTESIAN_POINT ( 'NONE',  ( 0.000000000000000000, 6.500000000000000000, -21.27361162513000181 ) ) ;
#270 = CYLINDRICAL_SURFACE ( 'NONE', #191, 0.7500000000000006661 ) ;
#271 = DIRECTION ( 'NONE',  ( 0.000000000000000000, 0.000000000000000000, -1.000000000000000000 ) ) ;
#272 = ITEM_DEFINED_TRANSFORMATION ( 'NONE', 'NONE', #1299,  #36 ) ;
#273 = AXIS2_PLACEMENT_3D ( 'NONE', #1148, #922, #832 ) ;
#274 = EDGE_CURVE ( 'NONE', #1076, #817, #456, .T. ) ;
#275 = CIRCLE ( 'NONE', #1241, 0.9999999999999991118 ) ;
#276 = ORIENTED_EDGE ( 'NONE', *, *, #1036, .F. ) ;
#277 = ORIENTED_EDGE ( 'NONE', *, *, #175, .F. ) ;
#278 = FILL_AREA_STYLE_COLOUR ( '', #58 ) ;
#279 = STYLED_ITEM ( 'NONE', ( #1113 ), #800 ) ;
#280 = AXIS2_PLACEMENT_3D ( 'NONE', #1077, #1072, #112 ) ;
#281 = CARTESIAN_POINT ( 'NONE',  ( 7.230000000000000426, -4.000000000000000000, -17.69999999999999929 ) ) ;
#282 = CONICAL_SURFACE ( 'NONE', #129, 1.625000000000000666, 1.047197551196400456 ) ;
#283 = DIRECTION ( 'NONE',  ( 0.000000000000000000, -1.000000000000000000, 0.000000000000000000 ) ) ;
#284 = LINE ( 'NONE', #626, #496 ) ;
#285 = DIRECTION ( 'NONE',  ( 1.000000000000000000, 0.000000000000000000, 0.000000000000000000 ) ) ;
#286 = DIRECTION ( 'NONE',  ( 0.000000000000000000, 0.000000000000000000, 1.000000000000000000 ) ) ;
#287 = CARTESIAN_POINT ( 'NONE',  ( -4.200000000000000178, -2.000000000000000000, -8.449999999999999289 ) ) ;
#288 = UNCERTAINTY_MEASURE_WITH_UNIT (LENGTH_MEASURE( 1.000000000000000082E-05 ), #29, 'distance_accuracy_value', 'NONE');
#289 = LINE ( 'NONE', #53, #1358 ) ;
#290 = DIRECTION ( 'NONE',  ( 0.000000000000000000, 0.000000000000000000, -1.000000000000000000 ) ) ;
#291 = DIRECTION ( 'NONE',  ( 0.000000000000000000, 0.000000000000000000, -1.000000000000000000 ) ) ;
#292 = ADVANCED_FACE ( 'NONE', ( #566 ), #993, .T. ) ;
#293 = CARTESIAN_POINT ( 'NONE',  ( -4.200000000000000178, -2.000000000000000000, -7.450000000000000178 ) ) ;
#294 = EDGE_LOOP ( 'NONE', ( #857, #1125 ) ) ;
#295 = FACE_OUTER_BOUND ( 'NONE', #983, .T. ) ;
#296 = CARTESIAN_POINT ( 'NONE',  ( 5.100000000000000533, -2.000000000000000000, -13.79999999999999893 ) ) ;
#297 = CIRCLE ( 'NONE', #1153, 1.499999999999999556 ) ;
#298 = CARTESIAN_POINT ( 'NONE',  ( -4.200000000000000178, 0.000000000000000000, -7.450000000000000178 ) ) ;
#299 = VECTOR ( 'NONE', #223, 1000.000000000000000 ) ;
#300 = AXIS2_PLACEMENT_3D ( 'NONE', #866, #291, #961 ) ;
#301 = DIRECTION ( 'NONE',  ( 0.000000000000000000, 1.000000000000000000, 0.000000000000000000 ) ) ;
#302 = ORIENTED_EDGE ( 'NONE', *, *, #1095, .F. ) ;
#303 = VECTOR ( 'NONE', #1180, 1000.000000000000000 ) ;
#304 = PRESENTATION_LAYER_ASSIGNMENT (  '', '', ( #78 ) ) ;
#305 = PLANE ( 'NONE',  #616 ) ;
#306 = SURFACE_STYLE_USAGE ( .BOTH. , #855 ) ;
#307 = ORIENTED_EDGE ( 'NONE', *, *, #1126, .T. ) ;
#308 = CARTESIAN_POINT ( 'NONE',  ( -4.200000000000000178, 0.000000000000000000, -4.250000000000000000 ) ) ;
#309 = CARTESIAN_POINT ( 'NONE',  ( -4.200000000000000178, 0.000000000000000000, -5.000000000000000000 ) ) ;
#310 = VERTEX_POINT ( 'NONE', #573 ) ;
#311 = EDGE_CURVE ( 'NONE', #1121, #965, #256, .T. ) ;
#312 = CARTESIAN_POINT ( 'NONE',  ( 0.000000000000000000, 6.500000000000000000, 8.349999999999999645 ) ) ;
#313 = ORIENTED_EDGE ( 'NONE', *, *, #208, .F. ) ;
#314 = LINE ( 'NONE', #1392, #706 ) ;
#315 = DIRECTION ( 'NONE',  ( 0.000000000000000000, 0.000000000000000000, 1.000000000000000000 ) ) ;
#316 = EDGE_LOOP ( 'NONE', ( #955, #430, #769, #153 ) ) ;
#317 = ADVANCED_FACE ( 'NONE', ( #1124 ), #1330, .T. ) ;
#318 = ORIENTED_EDGE ( 'NONE', *, *, #920, .F. ) ;
#319 = CARTESIAN_POINT ( 'NONE',  ( 0.000000000000000000, 6.500000000000000000, -22.84999999999999787 ) ) ;
#320 = VECTOR ( 'NONE', #1274, 1000.000000000000000 ) ;
#321 = FACE_OUTER_BOUND ( 'NONE', #1044, .T. ) ;
#322 = COLOUR_RGB ( '',0.2509803921568627416, 0.2509803921568627416, 0.2509803921568627416 ) ;
#323 = AXIS2_PLACEMENT_3D ( 'NONE', #1217, #1185, #1103 ) ;
#324 = APPLICATION_PROTOCOL_DEFINITION ( 'draft international standard', 'automotive_design', 1998, #405 ) ;
#325 = AXIS2_PLACEMENT_3D ( 'NONE', #339, #772, #231 ) ;
#326 = VERTEX_POINT ( 'NONE', #490 ) ;
#327 = DIRECTION ( 'NONE',  ( 0.000000000000000000, 1.000000000000000000, 0.000000000000000000 ) ) ;
#328 = EDGE_CURVE ( 'NONE', #190, #1310, #916, .T. ) ;
#329 = DIRECTION ( 'NONE',  ( 0.000000000000000000, -1.000000000000000000, 0.000000000000000000 ) ) ;
#330 = ORIENTED_EDGE ( 'NONE', *, *, #222, .T. ) ;
#331 = DIRECTION ( 'NONE',  ( 0.000000000000000000, 1.000000000000000000, 0.000000000000000000 ) ) ;
#332 = CARTESIAN_POINT ( 'NONE',  ( 0.000000000000000000, 0.000000000000000000, 0.000000000000000000 ) ) ;
#333 = ORIENTED_EDGE ( 'NONE', *, *, #1339, .T. ) ;
#334 = CARTESIAN_POINT ( 'NONE',  ( 3.250000000000000000, 6.500000000000000000, 0.000000000000000000 ) ) ;
#335 = CARTESIAN_POINT ( 'NONE',  ( 7.230000000000000426, -2.000000000000000000, -7.450000000000000178 ) ) ;
#336 = ORIENTED_EDGE ( 'NONE', *, *, #693, .T. ) ;
#337 = ADVANCED_FACE ( 'NONE', ( #924 ), #581, .T. ) ;
#338 = CARTESIAN_POINT ( 'NONE',  ( -6.429999999999999716, 0.000000000000000000, -21.39999999999999858 ) ) ;
#339 = CARTESIAN_POINT ( 'NONE',  ( 0.000000000000000000, 0.000000000000000000, 0.000000000000000000 ) ) ;
#340 = ORIENTED_EDGE ( 'NONE', *, *, #1215, .T. ) ;
#341 = ORIENTED_EDGE ( 'NONE', *, *, #582, .T. ) ;
#342 = DIRECTION ( 'NONE',  ( 0.000000000000000000, 0.000000000000000000, -1.000000000000000000 ) ) ;
#343 = LINE ( 'NONE', #131, #1068 ) ;
#344 = LINE ( 'NONE', #132, #438 ) ;
#345 = AXIS2_PLACEMENT_3D ( 'NONE', #744, #197, #301 ) ;
#346 = CARTESIAN_POINT ( 'NONE',  ( 7.230000000000000426, 0.000000000000000000, -7.450000000000000178 ) ) ;
#347 = CIRCLE ( 'NONE', #1154, 3.250000000000000000 ) ;
#348 = ADVANCED_FACE ( 'NONE', ( #679 ), #470, .T. ) ;
#349 = AXIS2_PLACEMENT_3D ( 'NONE', #628, #952, #1383 ) ;
#350 = CARTESIAN_POINT ( 'NONE',  ( 0.000000000000000000, 0.000000000000000000, 0.000000000000000000 ) ) ;
#351 =( GEOMETRIC_REPRESENTATION_CONTEXT ( 3 ) GLOBAL_UNCERTAINTY_ASSIGNED_CONTEXT ( ( #192 ) ) GLOBAL_UNIT_ASSIGNED_CONTEXT ( ( #958, #627, #1053 ) ) REPRESENTATION_CONTEXT ( 'NONE', 'WORKASPACE' ) );
#352 = ORIENTED_EDGE ( 'NONE', *, *, #137, .F. ) ;
#353 = FACE_OUTER_BOUND ( 'NONE', #862, .T. ) ;
#354 = DIRECTION ( 'NONE',  ( 0.000000000000000000, -1.000000000000000000, 0.000000000000000000 ) ) ;
#355 = CARTESIAN_POINT ( 'NONE',  ( -4.200000000000000178, 0.000000000000000000, -6.450000000000000178 ) ) ;
#356 = CARTESIAN_POINT ( 'NONE',  ( -4.200000000000000178, 0.000000000000000000, -17.69999999999999929 ) ) ;
#357 = DIRECTION ( 'NONE',  ( 1.000000000000000000, 0.000000000000000000, 0.000000000000000000 ) ) ;
#358 = EDGE_CURVE ( 'NONE', #1005, #11, #783, .T. ) ;
#359 = ORIENTED_EDGE ( 'NONE', *, *, #161, .T. ) ;
#360 = CARTESIAN_POINT ( 'NONE',  ( -4.200000000000000178, 0.000000000000000000, -6.450000000000000178 ) ) ;
#361 = CARTESIAN_POINT ( 'NONE',  ( -6.429999999999999716, 12.69999999999999929, 0.000000000000000000 ) ) ;
#362 = DIRECTION ( 'NONE',  ( 0.000000000000000000, -1.000000000000000000, 0.000000000000000000 ) ) ;
#363 = ADVANCED_FACE ( 'NONE', ( #807 ), #801, .T. ) ;
#364 = ORIENTED_EDGE ( 'NONE', *, *, #925, .F. ) ;
#365 = FACE_OUTER_BOUND ( 'NONE', #400, .T. ) ;
#366 = CARTESIAN_POINT ( 'NONE',  ( 5.100000000000000533, 0.000000000000000000, -15.29999999999999893 ) ) ;
#367 = AXIS2_PLACEMENT_3D ( 'NONE', #50, #59, #1343 ) ;
#368 = AXIS2_PLACEMENT_3D ( 'NONE', #990, #1078, #971 ) ;
#369 = ORIENTED_EDGE ( 'NONE', *, *, #1104, .T. ) ;
#370 = ORIENTED_EDGE ( 'NONE', *, *, #698, .F. ) ;
#371 = AXIS2_PLACEMENT_3D ( 'NONE', #1311, #130, #555 ) ;
#372 =( LENGTH_UNIT ( ) NAMED_UNIT ( * ) SI_UNIT ( .MILLI., .METRE. ) );
#373 = EDGE_CURVE ( 'NONE', #653, #310, #1291, .T. ) ;
#374 = CARTESIAN_POINT ( 'NONE',  ( -4.200000000000000178, 0.000000000000000000, -17.69999999999999929 ) ) ;
#375 = ORIENTED_EDGE ( 'NONE', *, *, #791, .T. ) ;
#376 = DIRECTION ( 'NONE',  ( -1.000000000000000000, 0.000000000000000000, 0.000000000000000000 ) ) ;
#377 = PLANE ( 'NONE',  #1297 ) ;
#378 = FACE_OUTER_BOUND ( 'NONE', #1371, .T. ) ;
#379 = CARTESIAN_POINT ( 'NONE',  ( 7.230000000000000426, 0.000000000000000000, -7.450000000000000178 ) ) ;
#380 = ADVANCED_FACE ( 'NONE', ( #906 ), #149, .T. ) ;
#381 = CARTESIAN_POINT ( 'NONE',  ( 0.000000000000000000, 0.9000000000000000222, 7.849999999999999645 ) ) ;
#382 = CARTESIAN_POINT ( 'NONE',  ( 0.000000000000000000, 6.500000000000000000, -21.39999999999999858 ) ) ;
#383 = DIRECTION ( 'NONE',  ( 0.000000000000000000, 0.000000000000000000, -1.000000000000000000 ) ) ;
#384 = EDGE_LOOP ( 'NONE', ( #845, #267 ) ) ;
#385 = AXIS2_PLACEMENT_3D ( 'NONE', #1038, #376, #928 ) ;
#386 = ADVANCED_FACE ( 'NONE', ( #587 ), #921, .F. ) ;
#387 = PRODUCT ( 'NRJ4HF_NRJ4HF.STEP', 'NRJ4HF_NRJ4HF.STEP', '', ( #553 ) ) ;
#388 = CARTESIAN_POINT ( 'NONE',  ( 5.100000000000000533, 0.000000000000000000, -13.79999999999999893 ) ) ;
#389 = DIRECTION ( 'NONE',  ( 0.000000000000000000, -1.000000000000000000, 0.000000000000000000 ) ) ;
#390 = AXIS2_PLACEMENT_3D ( 'NONE', #661, #12, #774 ) ;
#391 = DIRECTION ( 'NONE',  ( 0.000000000000000000, -1.000000000000000000, 0.000000000000000000 ) ) ;
#392 = DIRECTION ( 'NONE',  ( 0.000000000000000000, -1.000000000000000000, 0.000000000000000000 ) ) ;
#393 = EDGE_LOOP ( 'NONE', ( #263, #997, #341, #407 ) ) ;
#394 = ORIENTED_EDGE ( 'NONE', *, *, #822, .F. ) ;
#395 = DIRECTION ( 'NONE',  ( 0.000000000000000000, 0.000000000000000000, -1.000000000000000000 ) ) ;
#396 = DIRECTION ( 'NONE',  ( 0.000000000000000000, -1.000000000000000000, 0.000000000000000000 ) ) ;
#397 = ADVANCED_FACE ( 'NONE', ( #1014 ), #1197, .T. ) ;
#398 = FACE_OUTER_BOUND ( 'NONE', #770, .T. ) ;
#399 = CARTESIAN_POINT ( 'NONE',  ( 5.100000000000000533, 0.000000000000000000, -13.79999999999999893 ) ) ;
#400 = EDGE_LOOP ( 'NONE', ( #47, #465 ) ) ;
#401 = VERTEX_POINT ( 'NONE', #1353 ) ;
#402 = LINE ( 'NONE', #381, #1290 ) ;
#403 = DIRECTION ( 'NONE',  ( 0.000000000000000000, 0.000000000000000000, 1.000000000000000000 ) ) ;
#404 = PLANE ( 'NONE',  #349 ) ;
#405 = APPLICATION_CONTEXT ( 'automotive_design' ) ;
#406 = CARTESIAN_POINT ( 'NONE',  ( 0.000000000000000000, -4.000000000000000000, 0.000000000000000000 ) ) ;
#407 = ORIENTED_EDGE ( 'NONE', *, *, #1062, .T. ) ;
#408 = VERTEX_POINT ( 'NONE', #815 ) ;
#409 = CLOSED_SHELL ( 'NONE', ( #596, #337, #911, #419 ) ) ;
#410 = LINE ( 'NONE', #776, #1315 ) ;
#411 = DIRECTION ( 'NONE',  ( 1.000000000000000000, 0.000000000000000000, 0.000000000000000000 ) ) ;
#412 = AXIS2_PLACEMENT_3D ( 'NONE', #1261, #629, #1362 ) ;
#413 = ORIENTED_EDGE ( 'NONE', *, *, #1095, .T. ) ;
#414 = CARTESIAN_POINT ( 'NONE',  ( -3.250000000000000000, 6.500000000000000000, 0.000000000000000000 ) ) ;
#415 = AXIS2_PLACEMENT_3D ( 'NONE', #794, #354, #250 ) ;
#416 = PRODUCT ( 'NRJ4HF', 'NRJ4HF', '', ( #10 ) ) ;
#417 = AXIS2_PLACEMENT_3D ( 'NONE', #586, #1013, #825 ) ;
#418 = FACE_OUTER_BOUND ( 'NONE', #1067, .T. ) ;
#419 = ADVANCED_FACE ( 'NONE', ( #266 ), #1022, .F. ) ;
#420 = VECTOR ( 'NONE', #1319, 1000.000000000000000 ) ;
#421 = EDGE_LOOP ( 'NONE', ( #87, #1249 ) ) ;
#422 = ORIENTED_EDGE ( 'NONE', *, *, #230, .F. ) ;
#423 = CARTESIAN_POINT ( 'NONE',  ( -6.429999999999999716, 0.000000000000000000, 0.000000000000000000 ) ) ;
#424 = LINE ( 'NONE', #201, #19 ) ;
#425 = VERTEX_POINT ( 'NONE', #1132 ) ;
#426 = DIRECTION ( 'NONE',  ( 0.000000000000000000, 0.000000000000000000, -1.000000000000000000 ) ) ;
#427 = ORIENTED_EDGE ( 'NONE', *, *, #528, .T. ) ;
#428 = DIRECTION ( 'NONE',  ( 0.000000000000000000, -1.000000000000000000, 0.000000000000000000 ) ) ;
#429 = ADVANCED_FACE ( 'NONE', ( #827 ), #1244, .F. ) ;
#430 = ORIENTED_EDGE ( 'NONE', *, *, #1207, .F. ) ;
#431 = DIRECTION ( 'NONE',  ( 0.000000000000000000, -1.000000000000000000, 0.000000000000000000 ) ) ;
#432 = DIRECTION ( 'NONE',  ( 0.000000000000000000, -1.000000000000000000, 0.000000000000000000 ) ) ;
#433 = ORIENTED_EDGE ( 'NONE', *, *, #804, .T. ) ;
#434 = ADVANCED_FACE ( 'NONE', ( #64 ), #623, .T. ) ;
#435 = ORIENTED_EDGE ( 'NONE', *, *, #684, .T. ) ;
#436 = DIRECTION ( 'NONE',  ( 0.000000000000000000, 0.000000000000000000, -1.000000000000000000 ) ) ;
#437 = DIRECTION ( 'NONE',  ( 0.000000000000000000, -0.2187114569174004874, 0.9757895770160019966 ) ) ;
#438 = VECTOR ( 'NONE', #27, 1000.000000000000000 ) ;
#439 = ORIENTED_EDGE ( 'NONE', *, *, #963, .T. ) ;
#440 = STYLED_ITEM ( 'NONE', ( #601 ), #821 ) ;
#441 =( NAMED_UNIT ( * ) SI_UNIT ( $, .STERADIAN. ) SOLID_ANGLE_UNIT ( ) );
#442 = ADVANCED_FACE ( 'NONE', ( #418 ), #931, .T. ) ;
#443 = ORIENTED_EDGE ( 'NONE', *, *, #968, .T. ) ;
#444 = LINE ( 'NONE', #984, #420 ) ;
#445 = DIRECTION ( 'NONE',  ( 0.000000000000000000, -1.000000000000000000, 0.000000000000000000 ) ) ;
#446 = CARTESIAN_POINT ( 'NONE',  ( 7.230000000000000426, -2.000000000000000000, -7.450000000000000178 ) ) ;
#447 = ORIENTED_EDGE ( 'NONE', *, *, #892, .T. ) ;
#448 = CARTESIAN_POINT ( 'NONE',  ( 9.320000000000000284, 0.000000000000000000, -21.39999999999999858 ) ) ;
#449 = CARTESIAN_POINT ( 'NONE',  ( -4.200000000000000178, -4.000000000000000000, -16.94999999999999929 ) ) ;
#450 =( NAMED_UNIT ( * ) PLANE_ANGLE_UNIT ( ) SI_UNIT ( $, .RADIAN. ) );
#451 = CARTESIAN_POINT ( 'NONE',  ( -6.429999999999999716, 0.000000000000000000, -21.39999999999999858 ) ) ;
#452 = ORIENTED_EDGE ( 'NONE', *, *, #43, .F. ) ;
#453 = DIRECTION ( 'NONE',  ( 0.000000000000000000, 0.000000000000000000, -1.000000000000000000 ) ) ;
#454 = CARTESIAN_POINT ( 'NONE',  ( -4.200000000000000178, 0.000000000000000000, -4.250000000000000000 ) ) ;
#455 = AXIS2_PLACEMENT_3D ( 'NONE', #200, #1324, #1052 ) ;
#456 = CIRCLE ( 'NONE', #1336, 1.000000000000000000 ) ;
#457 = CARTESIAN_POINT ( 'NONE',  ( 7.230000000000000426, 0.000000000000000000, -16.19999999999999929 ) ) ;
#458 = PRESENTATION_LAYER_ASSIGNMENT (  '', '', ( #729 ) ) ;
#459 = CIRCLE ( 'NONE', #1001, 0.5000000000000004441 ) ;
#460 = AXIS2_PLACEMENT_3D ( 'NONE', #1359, #174, #1028 ) ;
#461 = ORIENTED_EDGE ( 'NONE', *, *, #1181, .F. ) ;
#462 = DIRECTION ( 'NONE',  ( 0.000000000000000000, -1.000000000000000000, 0.000000000000000000 ) ) ;
#463 = SURFACE_SIDE_STYLE ('',( #671 ) ) ;
#464 = CARTESIAN_POINT ( 'NONE',  ( 7.230000000000000426, 0.000000000000000000, -4.250000000000000000 ) ) ;
#465 = ORIENTED_EDGE ( 'NONE', *, *, #749, .T. ) ;
#466 = PRODUCT_DEFINITION ( 'UNKNOWN', '', #1242, #588 ) ;
#467 = SHAPE_REPRESENTATION ( 'NRJ4HF', ( #829, #1299 ), #80 ) ;
#468 = ORIENTED_EDGE ( 'NONE', *, *, #951, .F. ) ;
#469 = DIRECTION ( 'NONE',  ( 0.000000000000000000, 0.000000000000000000, 1.000000000000000000 ) ) ;
#470 = CYLINDRICAL_SURFACE ( 'NONE', #187, 0.7500000000000006661 ) ;
#471 = EDGE_LOOP ( 'NONE', ( #370, #974, #1280, #542 ) ) ;
#472 =( LENGTH_UNIT ( ) NAMED_UNIT ( * ) SI_UNIT ( .MILLI., .METRE. ) );
#473 = EDGE_CURVE ( 'NONE', #1023, #1164, #1385, .T. ) ;
#474 = DIRECTION ( 'NONE',  ( 0.000000000000000000, 0.000000000000000000, -1.000000000000000000 ) ) ;
#475 = ORIENTED_EDGE ( 'NONE', *, *, #255, .F. ) ;
#476 = AXIS2_PLACEMENT_3D ( 'NONE', #399, #75, #1 ) ;
#477 = CIRCLE ( 'NONE', #976, 0.7500000000000006661 ) ;
#478 = AXIS2_PLACEMENT_3D ( 'NONE', #319, #758, #1151 ) ;
#479 = ORIENTED_EDGE ( 'NONE', *, *, #230, .T. ) ;
#480 = FACE_OUTER_BOUND ( 'NONE', #1307, .T. ) ;
#481 = EDGE_CURVE ( 'NONE', #1220, #1117, #873, .T. ) ;
#482 = AXIS2_PLACEMENT_3D ( 'NONE', #5, #396, #1275 ) ;
#483 = CARTESIAN_POINT ( 'NONE',  ( 0.000000000000000000, 2.350000000000000089, -21.39999999999999858 ) ) ;
#484 = DIRECTION ( 'NONE',  ( 0.000000000000000000, -1.000000000000000000, 0.000000000000000000 ) ) ;
#485 = VERTEX_POINT ( 'NONE', #181 ) ;
#486 = UNCERTAINTY_MEASURE_WITH_UNIT (LENGTH_MEASURE( 1.000000000000000082E-05 ), #207, 'distance_accuracy_value', 'NONE');
#487 = DIRECTION ( 'NONE',  ( 0.000000000000000000, -1.000000000000000000, 0.000000000000000000 ) ) ;
#488 = DIRECTION ( 'NONE',  ( 0.000000000000000000, 0.000000000000000000, -1.000000000000000000 ) ) ;
#489 = EDGE_CURVE ( 'NONE', #1199, #1121, #1267, .T. ) ;
#490 = CARTESIAN_POINT ( 'NONE',  ( -4.200000000000000178, -4.000000000000000000, -16.19999999999999929 ) ) ;
#491 = ORIENTED_EDGE ( 'NONE', *, *, #311, .F. ) ;
#492 = EDGE_CURVE ( 'NONE', #498, #788, #594, .T. ) ;
#493 = ORIENTED_EDGE ( 'NONE', *, *, #1145, .T. ) ;
#494 = FACE_OUTER_BOUND ( 'NONE', #393, .T. ) ;
#495 = FACE_OUTER_BOUND ( 'NONE', #1216, .T. ) ;
#496 = VECTOR ( 'NONE', #508, 1000.000000000000000 ) ;
#497 = EDGE_CURVE ( 'NONE', #1023, #1150, #956, .T. ) ;
#498 = VERTEX_POINT ( 'NONE', #287 ) ;
#499 = AXIS2_PLACEMENT_3D ( 'NONE', #346, #1212, #229 ) ;
#500 = PRODUCT_DEFINITION_SHAPE ( 'NONE', 'NONE',  #1393 ) ;
#501 = DIRECTION ( 'NONE',  ( 0.000000000000000000, 0.000000000000000000, -1.000000000000000000 ) ) ;
#502 = LINE ( 'NONE', #1047, #645 ) ;
#503 = PRESENTATION_LAYER_ASSIGNMENT (  '', '', ( #575 ) ) ;
#504 = CIRCLE ( 'NONE', #56, 0.7500000000000006661 ) ;
#505 = FILL_AREA_STYLE ('',( #1223 ) ) ;
#506 = CARTESIAN_POINT ( 'NONE',  ( 3.250000000000000000, 6.500000000000000000, -21.27361162513000181 ) ) ;
#507 = ORIENTED_EDGE ( 'NONE', *, *, #1036, .T. ) ;
#508 = DIRECTION ( 'NONE',  ( 0.000000000000000000, 0.2187114569174004874, 0.9757895770160019966 ) ) ;
#509 = DIRECTION ( 'NONE',  ( 0.000000000000000000, 0.000000000000000000, -1.000000000000000000 ) ) ;
#510 = CARTESIAN_POINT ( 'NONE',  ( 9.320000000000000284, 0.000000000000000000, 0.000000000000000000 ) ) ;
#511 = DIRECTION ( 'NONE',  ( 0.000000000000000000, 0.000000000000000000, -1.000000000000000000 ) ) ;
#512 = ORIENTED_EDGE ( 'NONE', *, *, #650, .T. ) ;
#513 = PRODUCT_DEFINITION_CONTEXT ( 'detailed design', #1010, 'design' ) ;
#514 = EDGE_LOOP ( 'NONE', ( #413, #479, #264, #904 ) ) ;
#515 = CARTESIAN_POINT ( 'NONE',  ( 0.000000000000000000, 6.500000000000000000, 8.349999999999999645 ) ) ;
#516 = DIRECTION ( 'NONE',  ( 0.000000000000000000, -1.000000000000000000, 0.000000000000000000 ) ) ;
#517 = CARTESIAN_POINT ( 'NONE',  ( -4.200000000000000178, 0.000000000000000000, -16.94999999999999929 ) ) ;
#518 = ORIENTED_EDGE ( 'NONE', *, *, #1062, .F. ) ;
#519 = LINE ( 'NONE', #457, #320 ) ;
#520 = CIRCLE ( 'NONE', #35, 4.599999999999998757 ) ;
#521 = CARTESIAN_POINT ( 'NONE',  ( 0.000000000000000000, 6.500000000000000000, 8.849999999999999645 ) ) ;
#522 =( REPRESENTATION_RELATIONSHIP ('NONE','NONE', #467, #1213 ) REPRESENTATION_RELATIONSHIP_WITH_TRANSFORMATION ( #272 )SHAPE_REPRESENTATION_RELATIONSHIP( ) );
#523 = AXIS2_PLACEMENT_3D ( 'NONE', #1219, #1334, #1120 ) ;
#524 = ORIENTED_EDGE ( 'NONE', *, *, #777, .T. ) ;
#525 = EDGE_LOOP ( 'NONE', ( #1237, #69, #604, #143 ) ) ;
#526 = LINE ( 'NONE', #510, #959 ) ;
#527 = MECHANICAL_DESIGN_GEOMETRIC_PRESENTATION_REPRESENTATION (  '', ( #729 ), #759 ) ;
#528 = EDGE_CURVE ( 'NONE', #634, #781, #275, .T. ) ;
#529 = VECTOR ( 'NONE', #793, 1000.000000000000000 ) ;
#530 = LINE ( 'NONE', #1050, #1042 ) ;
#531 = VERTEX_POINT ( 'NONE', #711 ) ;
#532 = CARTESIAN_POINT ( 'NONE',  ( 7.230000000000000426, 0.000000000000000000, -8.449999999999999289 ) ) ;
#533 = PLANE ( 'NONE',  #687 ) ;
#534 = ORIENTED_EDGE ( 'NONE', *, *, #274, .F. ) ;
#535 = EDGE_CURVE ( 'NONE', #258, #1015, #257, .T. ) ;
#536 = DIRECTION ( 'NONE',  ( 0.000000000000000000, 0.000000000000000000, 1.000000000000000000 ) ) ;
#537 = ORIENTED_EDGE ( 'NONE', *, *, #1215, .F. ) ;
#538 = FACE_OUTER_BOUND ( 'NONE', #471, .T. ) ;
#539 = CARTESIAN_POINT ( 'NONE',  ( 3.250000000000000000, 6.500000000000000000, 8.349999999999999645 ) ) ;
#540 = EDGE_CURVE ( 'NONE', #802, #1269, #530, .T. ) ;
#541 = DIRECTION ( 'NONE',  ( 1.000000000000000000, 0.000000000000000000, 0.000000000000000000 ) ) ;
#542 = ORIENTED_EDGE ( 'NONE', *, *, #114, .T. ) ;
#543 = FACE_OUTER_BOUND ( 'NONE', #1161, .T. ) ;
#544 = AXIS2_PLACEMENT_3D ( 'NONE', #451, #893, #1060 ) ;
#545 = VECTOR ( 'NONE', #1226, 1000.000000000000000 ) ;
#546 = CARTESIAN_POINT ( 'NONE',  ( 0.000000000000000000, -4.000000000000000000, 0.000000000000000000 ) ) ;
#547 =( LENGTH_UNIT ( ) NAMED_UNIT ( * ) SI_UNIT ( .MILLI., .METRE. ) );
#548 = VERTEX_POINT ( 'NONE', #67 ) ;
#549 = CIRCLE ( 'NONE', #215, 0.7500000000000006661 ) ;
#550 = CARTESIAN_POINT ( 'NONE',  ( 7.230000000000000426, -4.000000000000000000, -16.94999999999999929 ) ) ;
#551 = CIRCLE ( 'NONE', #1225, 3.250000000000000000 ) ;
#552 = VECTOR ( 'NONE', #327, 1000.000000000000000 ) ;
#553 = PRODUCT_CONTEXT ( 'NONE', #1196, 'mechanical' ) ;
#554 = VERTEX_POINT ( 'NONE', #962 ) ;
#555 = DIRECTION ( 'NONE',  ( 0.000000000000000000, 0.000000000000000000, 1.000000000000000000 ) ) ;
#556 = DIRECTION ( 'NONE',  ( 0.000000000000000000, 0.000000000000000000, -1.000000000000000000 ) ) ;
#557 = SURFACE_STYLE_USAGE ( .BOTH. , #885 ) ;
#558 = DIRECTION ( 'NONE',  ( 0.000000000000000000, 0.000000000000000000, -1.000000000000000000 ) ) ;
#559 = DIRECTION ( 'NONE',  ( 0.000000000000000000, 0.000000000000000000, -1.000000000000000000 ) ) ;
#560 = EDGE_LOOP ( 'NONE', ( #1232, #660 ) ) ;
#561 = CARTESIAN_POINT ( 'NONE',  ( 0.000000000000000000, 2.750000000000000000, 8.349999999999999645 ) ) ;
#562 = ADVANCED_BREP_SHAPE_REPRESENTATION ( '', ( #800, #790, #1260, #1252, #821, #813, #104 ), #351 ) ;
#563 = ADVANCED_FACE ( 'NONE', ( #607 ), #1140, .T. ) ;
#564 = DIRECTION ( 'NONE',  ( 0.000000000000000000, 0.000000000000000000, -1.000000000000000000 ) ) ;
#565 = LINE ( 'NONE', #795, #876 ) ;
#566 = FACE_OUTER_BOUND ( 'NONE', #316, .T. ) ;
#567 = CARTESIAN_POINT ( 'NONE',  ( -1.445000000000000062, 0.000000000000000000, 7.724999999999999645 ) ) ;
#568 = ORIENTED_EDGE ( 'NONE', *, *, #373, .T. ) ;
#569 = LINE ( 'NONE', #448, #552 ) ;
#570 = AXIS2_PLACEMENT_3D ( 'NONE', #167, #82, #61 ) ;
#571 = VECTOR ( 'NONE', #730, 1000.000000000000000 ) ;
#572 = ADVANCED_FACE ( 'NONE', ( #495 ), #718, .T. ) ;
#573 = CARTESIAN_POINT ( 'NONE',  ( 0.000000000000000000, 3.250000000000000000, 8.349999999999999645 ) ) ;
#574 = ORIENTED_EDGE ( 'NONE', *, *, #747, .T. ) ;
#575 = STYLED_ITEM ( 'NONE', ( #991 ), #813 ) ;
#576 = UNCERTAINTY_MEASURE_WITH_UNIT (LENGTH_MEASURE( 1.000000000000000082E-05 ), #824, 'distance_accuracy_value', 'NONE');
#577 = CIRCLE ( 'NONE', #103, 3.250000000000000444 ) ;
#578 = STYLED_ITEM ( 'NONE', ( #1281 ), #562 ) ;
#579 = ORIENTED_EDGE ( 'NONE', *, *, #830, .F. ) ;
#580 = CARTESIAN_POINT ( 'NONE',  ( -4.200000000000000178, -4.000000000000000000, -16.94999999999999929 ) ) ;
#581 = CYLINDRICAL_SURFACE ( 'NONE', #73, 0.7500000000000006661 ) ;
#582 = EDGE_CURVE ( 'NONE', #1269, #736, #860, .T. ) ;
#583 = VERTEX_POINT ( 'NONE', #506 ) ;
#584 =( NAMED_UNIT ( * ) SI_UNIT ( $, .STERADIAN. ) SOLID_ANGLE_UNIT ( ) );
#585 = ORIENTED_EDGE ( 'NONE', *, *, #667, .F. ) ;
#586 = CARTESIAN_POINT ( 'NONE',  ( 0.000000000000000000, 6.500000000000000000, 8.849999999999999645 ) ) ;
#587 = FACE_OUTER_BOUND ( 'NONE', #1263, .T. ) ;
#588 = PRODUCT_DEFINITION_CONTEXT ( 'detailed design', #405, 'design' ) ;
#589 = EDGE_CURVE ( 'NONE', #802, #1335, #940, .T. ) ;
#590 = ORIENTED_EDGE ( 'NONE', *, *, #1305, .F. ) ;
#591 = DIRECTION ( 'NONE',  ( 0.000000000000000000, 1.000000000000000000, 0.000000000000000000 ) ) ;
#592 = DIRECTION ( 'NONE',  ( 0.000000000000000000, 0.000000000000000000, -1.000000000000000000 ) ) ;
#593 = EDGE_LOOP ( 'NONE', ( #493, #138, #741, #427 ) ) ;
#594 = CIRCLE ( 'NONE', #166, 0.9999999999999991118 ) ;
#595 = AXIS2_PLACEMENT_3D ( 'NONE', #7, #842, #966 ) ;
#596 = ADVANCED_FACE ( 'NONE', ( #946 ), #1378, .T. ) ;
#597 = DIRECTION ( 'NONE',  ( 0.000000000000000000, 1.000000000000000000, 0.000000000000000000 ) ) ;
#598 = FILL_AREA_STYLE ('',( #1351 ) ) ;
#599 = AXIS2_PLACEMENT_3D ( 'NONE', #1221, #1332, #691 ) ;
#600 = CARTESIAN_POINT ( 'NONE',  ( 3.250000000000000000, 6.500000000000000000, 0.000000000000000000 ) ) ;
#601 = PRESENTATION_STYLE_ASSIGNMENT (( #611 ) ) ;
#602 = DIRECTION ( 'NONE',  ( 0.000000000000000000, -1.000000000000000000, 0.000000000000000000 ) ) ;
#603 = VERTEX_POINT ( 'NONE', #309 ) ;
#604 = ORIENTED_EDGE ( 'NONE', *, *, #675, .F. ) ;
#605 = CARTESIAN_POINT ( 'NONE',  ( 0.000000000000000000, 12.09999999999999964, 7.849999999999999645 ) ) ;
#606 = ADVANCED_FACE ( 'NONE', ( #204 ), #123, .T. ) ;
#607 = FACE_OUTER_BOUND ( 'NONE', #874, .T. ) ;
#608 = ORIENTED_EDGE ( 'NONE', *, *, #963, .F. ) ;
#609 = CARTESIAN_POINT ( 'NONE',  ( -4.200000000000000178, 0.000000000000000000, -5.000000000000000000 ) ) ;
#610 = CARTESIAN_POINT ( 'NONE',  ( -4.200000000000000178, -4.000000000000000000, -17.69999999999999929 ) ) ;
#611 = SURFACE_STYLE_USAGE ( .BOTH. , #57 ) ;
#612 = DIRECTION ( 'NONE',  ( 0.000000000000000000, 0.000000000000000000, -1.000000000000000000 ) ) ;
#613 = EDGE_CURVE ( 'NONE', #237, #778, #732, .T. ) ;
#614 = CONTEXT_DEPENDENT_SHAPE_REPRESENTATION ( #212, #1256 ) ;
#615 = ORIENTED_EDGE ( 'NONE', *, *, #589, .T. ) ;
#616 = AXIS2_PLACEMENT_3D ( 'NONE', #338, #236, #558 ) ;
#617 = AXIS2_PLACEMENT_3D ( 'NONE', #550, #245, #854 ) ;
#618 = ORIENTED_EDGE ( 'NONE', *, *, #328, .F. ) ;
#619 = PLANE ( 'NONE',  #1179 ) ;
#620 = MECHANICAL_DESIGN_GEOMETRIC_PRESENTATION_REPRESENTATION (  '', ( #575 ), #1045 ) ;
#621 = CIRCLE ( 'NONE', #1342, 5.599999999999999645 ) ;
#622 = DIRECTION ( 'NONE',  ( 0.000000000000000000, 0.000000000000000000, 1.000000000000000000 ) ) ;
#623 = CYLINDRICAL_SURFACE ( 'NONE', #476, 1.499999999999999556 ) ;
#624 = ORIENTED_EDGE ( 'NONE', *, *, #473, .F. ) ;
#625 = ADVANCED_FACE ( 'NONE', ( #871 ), #533, .T. ) ;
#626 = CARTESIAN_POINT ( 'NONE',  ( 0.000000000000000000, 10.00000000000000000, -24.29999999999999716 ) ) ;
#627 =( NAMED_UNIT ( * ) PLANE_ANGLE_UNIT ( ) SI_UNIT ( $, .RADIAN. ) );
#628 = CARTESIAN_POINT ( 'NONE',  ( 0.000000000000000000, -2.000000000000000000, 0.000000000000000000 ) ) ;
#629 = DIRECTION ( 'NONE',  ( 0.000000000000000000, -1.000000000000000000, 0.000000000000000000 ) ) ;
#630 = ORIENTED_EDGE ( 'NONE', *, *, #633, .T. ) ;
#631 = DIRECTION ( 'NONE',  ( 0.000000000000000000, 0.000000000000000000, -1.000000000000000000 ) ) ;
#632 = DIRECTION ( 'NONE',  ( 0.000000000000000000, 1.000000000000000000, 0.000000000000000000 ) ) ;
#633 = EDGE_CURVE ( 'NONE', #252, #583, #347, .T. ) ;
#634 = VERTEX_POINT ( 'NONE', #1192 ) ;
#635 = LINE ( 'NONE', #1283, #787 ) ;
#636 = DIRECTION ( 'NONE',  ( 0.000000000000000000, 0.000000000000000000, 1.000000000000000000 ) ) ;
#637 = ORIENTED_EDGE ( 'NONE', *, *, #145, .T. ) ;
#638 = AXIS2_PLACEMENT_3D ( 'NONE', #1152, #189, #1041 ) ;
#639 = EDGE_LOOP ( 'NONE', ( #1206, #1214, #302, #518 ) ) ;
#640 = LINE ( 'NONE', #1171, #1272 ) ;
#641 = PRODUCT_DEFINITION_FORMATION_WITH_SPECIFIED_SOURCE ( 'ANY', '', #387, .NOT_KNOWN. ) ;
#642 = AXIS2_PLACEMENT_3D ( 'NONE', #1186, #655, #649 ) ;
#643 = EDGE_CURVE ( 'NONE', #1310, #326, #477, .T. ) ;
#644 = FACE_BOUND ( 'NONE', #1287, .T. ) ;
#645 = VECTOR ( 'NONE', #71, 1000.000000000000000 ) ;
#646 = ORIENTED_EDGE ( 'NONE', *, *, #709, .T. ) ;
#647 = EDGE_LOOP ( 'NONE', ( #808, #30 ) ) ;
#648 = DIRECTION ( 'NONE',  ( 0.000000000000000000, -1.000000000000000000, 0.000000000000000000 ) ) ;
#649 = DIRECTION ( 'NONE',  ( 0.000000000000000000, 0.000000000000000000, 1.000000000000000000 ) ) ;
#650 = EDGE_CURVE ( 'NONE', #926, #737, #244, .T. ) ;
#651 = ORIENTED_EDGE ( 'NONE', *, *, #137, .T. ) ;
#652 = SHAPE_DEFINITION_REPRESENTATION ( #1293, #467 ) ;
#653 = VERTEX_POINT ( 'NONE', #539 ) ;
#654 = DIRECTION ( 'NONE',  ( 0.000000000000000000, 0.000000000000000000, 1.000000000000000000 ) ) ;
#655 = DIRECTION ( 'NONE',  ( 0.000000000000000000, -1.000000000000000000, 0.000000000000000000 ) ) ;
#656 =( NAMED_UNIT ( * ) PLANE_ANGLE_UNIT ( ) SI_UNIT ( $, .RADIAN. ) );
#657 = FACE_OUTER_BOUND ( 'NONE', #1327, .T. ) ;
#658 = SHAPE_DEFINITION_REPRESENTATION ( #977, #1213 ) ;
#659 = VECTOR ( 'NONE', #1302, 1000.000000000000000 ) ;
#660 = ORIENTED_EDGE ( 'NONE', *, *, #358, .F. ) ;
#661 = CARTESIAN_POINT ( 'NONE',  ( 0.000000000000000000, 6.500000000000000000, -24.29999999999999716 ) ) ;
#662 = AXIS2_PLACEMENT_3D ( 'NONE', #113, #13, #1172 ) ;
#663 = DIRECTION ( 'NONE',  ( 0.000000000000000000, 1.000000000000000000, 0.000000000000000000 ) ) ;
#664 = CIRCLE ( 'NONE', #127, 4.599999999999998757 ) ;
#665 = DIRECTION ( 'NONE',  ( 0.000000000000000000, 0.000000000000000000, 1.000000000000000000 ) ) ;
#666 = AXIS2_PLACEMENT_3D ( 'NONE', #1191, #31, #905 ) ;
#667 = EDGE_CURVE ( 'NONE', #778, #237, #1340, .T. ) ;
#668 = ORIENTED_EDGE ( 'NONE', *, *, #841, .T. ) ;
#669 = CARTESIAN_POINT ( 'NONE',  ( 0.000000000000000000, 6.500000000000000000, 10.50750000000000028 ) ) ;
#670 = DIRECTION ( 'NONE',  ( 0.000000000000000000, -1.000000000000000000, 0.000000000000000000 ) ) ;
#671 = SURFACE_STYLE_FILL_AREA ( #1083 ) ;
#672 = DIRECTION ( 'NONE',  ( 0.000000000000000000, 0.000000000000000000, -1.000000000000000000 ) ) ;
#673 = UNCERTAINTY_MEASURE_WITH_UNIT (LENGTH_MEASURE( 1.000000000000000082E-05 ), #987, 'distance_accuracy_value', 'NONE');
#674 = APPLICATION_PROTOCOL_DEFINITION ( 'draft international standard', 'automotive_design', 1998, #745 ) ;
#675 = EDGE_CURVE ( 'NONE', #1015, #217, #1284, .T. ) ;
#676 = ORIENTED_EDGE ( 'NONE', *, *, #756, .T. ) ;
#677 = CARTESIAN_POINT ( 'NONE',  ( 9.320000000000000284, 12.69999999999999929, 0.000000000000000000 ) ) ;
#678 = FILL_AREA_STYLE_COLOUR ( '', #1198 ) ;
#679 = FACE_OUTER_BOUND ( 'NONE', #1051, .T. ) ;
#680 = ORIENTED_EDGE ( 'NONE', *, *, #1279, .F. ) ;
#681 = ORIENTED_EDGE ( 'NONE', *, *, #46, .F. ) ;
#682 = CYLINDRICAL_SURFACE ( 'NONE', #1116, 5.599999999999999645 ) ;
#683 = CIRCLE ( 'NONE', #273, 3.500000000000000444 ) ;
#684 = EDGE_CURVE ( 'NONE', #217, #1141, #55, .T. ) ;
#685 = AXIS2_PLACEMENT_3D ( 'NONE', #1146, #843, #283 ) ;
#686 = CARTESIAN_POINT ( 'NONE',  ( 7.230000000000000426, 0.000000000000000000, -16.94999999999999929 ) ) ;
#687 = AXIS2_PLACEMENT_3D ( 'NONE', #546, #445, #775 ) ;
#688 = UNCERTAINTY_MEASURE_WITH_UNIT (LENGTH_MEASURE( 1.000000000000000082E-05 ), #372, 'distance_accuracy_value', 'NONE');
#689 = TOROIDAL_SURFACE ( 'NONE', #300, 3.750000000000000000, 0.5000000000000000000 ) ;
#690 = ORIENTED_EDGE ( 'NONE', *, *, #481, .T. ) ;
#691 = DIRECTION ( 'NONE',  ( 1.000000000000000000, 0.000000000000000000, 0.000000000000000000 ) ) ;
#692 = DIRECTION ( 'NONE',  ( 0.000000000000000000, 0.000000000000000000, -1.000000000000000000 ) ) ;
#693 = EDGE_CURVE ( 'NONE', #548, #190, #549, .T. ) ;
#694 = VERTEX_POINT ( 'NONE', #8 ) ;
#695 = FILL_AREA_STYLE ('',( #278 ) ) ;
#696 = DIRECTION ( 'NONE',  ( 0.000000000000000000, 0.000000000000000000, 1.000000000000000000 ) ) ;
#697 = ORIENTED_EDGE ( 'NONE', *, *, #643, .F. ) ;
#698 = EDGE_CURVE ( 'NONE', #1254, #881, #343, .T. ) ;
#699 = CARTESIAN_POINT ( 'NONE',  ( 7.230000000000000426, 0.000000000000000000, -17.69999999999999929 ) ) ;
#700 = DIRECTION ( 'NONE',  ( 0.000000000000000000, -1.000000000000000000, 0.000000000000000000 ) ) ;
#701 = DIRECTION ( 'NONE',  ( 0.000000000000000000, -1.000000000000000000, 0.000000000000000000 ) ) ;
#702 = VECTOR ( 'NONE', #1366, 1000.000000000000000 ) ;
#703 = DIRECTION ( 'NONE',  ( 0.000000000000000000, -1.000000000000000000, 0.000000000000000000 ) ) ;
#704 = ORIENTED_EDGE ( 'NONE', *, *, #799, .F. ) ;
#705 = CIRCLE ( 'NONE', #1131, 0.7499999999999997780 ) ;
#706 = VECTOR ( 'NONE', #431, 1000.000000000000000 ) ;
#707 = DIRECTION ( 'NONE',  ( 0.000000000000000000, 0.000000000000000000, -1.000000000000000000 ) ) ;
#708 =( NAMED_UNIT ( * ) PLANE_ANGLE_UNIT ( ) SI_UNIT ( $, .RADIAN. ) );
#709 = EDGE_CURVE ( 'NONE', #190, #548, #784, .T. ) ;
#710 = CARTESIAN_POINT ( 'NONE',  ( 0.000000000000000000, 3.250000000000000000, -21.27361162513000181 ) ) ;
#711 = CARTESIAN_POINT ( 'NONE',  ( 0.000000000000000000, 9.750000000000000000, -21.27361162513000181 ) ) ;
#712 = ORIENTED_EDGE ( 'NONE', *, *, #1326, .F. ) ;
#713 = ORIENTED_EDGE ( 'NONE', *, *, #182, .T. ) ;
#714 = DIRECTION ( 'NONE',  ( 0.000000000000000000, 0.7071067811865474617, 0.7071067811865474617 ) ) ;
#715 = CYLINDRICAL_SURFACE ( 'NONE', #460, 3.250000000000000000 ) ;
#716 = ADVANCED_FACE ( 'NONE', ( #644, #1074, #227 ), #767, .T. ) ;
#717 =( NAMED_UNIT ( * ) SI_UNIT ( $, .STERADIAN. ) SOLID_ANGLE_UNIT ( ) );
#718 = CYLINDRICAL_SURFACE ( 'NONE', #806, 0.7500000000000006661 ) ;
#719 = ORIENTED_EDGE ( 'NONE', *, *, #1355, .T. ) ;
#720 = LINE ( 'NONE', #771, #1130 ) ;
#721 = DIRECTION ( 'NONE',  ( 0.000000000000000000, -1.000000000000000000, 0.000000000000000000 ) ) ;
#722 = CARTESIAN_POINT ( 'NONE',  ( 7.230000000000000426, -4.000000000000000000, -16.94999999999999929 ) ) ;
#723 = DIRECTION ( 'NONE',  ( 0.000000000000000000, 0.000000000000000000, -1.000000000000000000 ) ) ;
#724 = ORIENTED_EDGE ( 'NONE', *, *, #951, .T. ) ;
#725 = EDGE_CURVE ( 'NONE', #425, #603, #853, .T. ) ;
#726 = UNCERTAINTY_MEASURE_WITH_UNIT (LENGTH_MEASURE( 1.000000000000000082E-05 ), #146, 'distance_accuracy_value', 'NONE');
#727 = ORIENTED_EDGE ( 'NONE', *, *, #161, .F. ) ;
#728 = AXIS2_PLACEMENT_3D ( 'NONE', #160, #696, #819 ) ;
#729 = STYLED_ITEM ( 'NONE', ( #119 ), #790 ) ;
#730 = DIRECTION ( 'NONE',  ( 0.000000000000000000, -1.000000000000000000, 0.000000000000000000 ) ) ;
#731 = DIRECTION ( 'NONE',  ( 0.000000000000000000, 0.000000000000000000, -1.000000000000000000 ) ) ;
#732 = CIRCLE ( 'NONE', #368, 0.7499999999999997780 ) ;
#733 = AXIS2_PLACEMENT_3D ( 'NONE', #923, #1341, #176 ) ;
#734 = CIRCLE ( 'NONE', #1390, 3.250000000000000444 ) ;
#735 = DIRECTION ( 'NONE',  ( 0.000000000000000000, 0.000000000000000000, -1.000000000000000000 ) ) ;
#736 = VERTEX_POINT ( 'NONE', #26 ) ;
#737 = VERTEX_POINT ( 'NONE', #890 ) ;
#738 = ADVANCED_FACE ( 'NONE', ( #321 ), #1289, .T. ) ;
#739 = ORIENTED_EDGE ( 'NONE', *, *, #328, .T. ) ;
#740 = CARTESIAN_POINT ( 'NONE',  ( 5.100000000000000533, 0.000000000000000000, -12.30000000000000071 ) ) ;
#741 = ORIENTED_EDGE ( 'NONE', *, *, #791, .F. ) ;
#742 = EDGE_LOOP ( 'NONE', ( #1096, #461, #1190, #865 ) ) ;
#743 = FACE_OUTER_BOUND ( 'NONE', #1155, .T. ) ;
#744 = CARTESIAN_POINT ( 'NONE',  ( 0.000000000000000000, 6.500000000000000000, 8.849999999999999645 ) ) ;
#745 = APPLICATION_CONTEXT ( 'automotive_design' ) ;
#746 = ORIENTED_EDGE ( 'NONE', *, *, #1355, .F. ) ;
#747 = EDGE_CURVE ( 'NONE', #817, #1076, #1388, .T. ) ;
#748 = CARTESIAN_POINT ( 'NONE',  ( -6.429999999999999716, 12.69999999999999929, -21.39999999999999858 ) ) ;
#749 = EDGE_CURVE ( 'NONE', #485, #554, #124, .T. ) ;
#750 = VERTEX_POINT ( 'NONE', #1306 ) ;
#751 = DIRECTION ( 'NONE',  ( -1.000000000000000000, 0.000000000000000000, 0.000000000000000000 ) ) ;
#752 = CARTESIAN_POINT ( 'NONE',  ( 0.000000000000000000, 12.09999999999999964, 0.000000000000000000 ) ) ;
#753 = CIRCLE ( 'NONE', #148, 4.150000000000000355 ) ;
#754 = ORIENTED_EDGE ( 'NONE', *, *, #907, .F. ) ;
#755 = AXIS2_PLACEMENT_3D ( 'NONE', #251, #957, #383 ) ;
#756 = EDGE_CURVE ( 'NONE', #603, #425, #705, .T. ) ;
#757 = ORIENTED_EDGE ( 'NONE', *, *, #89, .T. ) ;
#758 = DIRECTION ( 'NONE',  ( 0.000000000000000000, 0.000000000000000000, 1.000000000000000000 ) ) ;
#759 =( GEOMETRIC_REPRESENTATION_CONTEXT ( 3 ) GLOBAL_UNCERTAINTY_ASSIGNED_CONTEXT ( ( #837 ) ) GLOBAL_UNIT_ASSIGNED_CONTEXT ( ( #1329, #22, #1000 ) ) REPRESENTATION_CONTEXT ( 'NONE', 'WORKASPACE' ) );
#760 = AXIS2_PLACEMENT_3D ( 'NONE', #1200, #1209, #998 ) ;
#761 = DIRECTION ( 'NONE',  ( 0.000000000000000000, 0.000000000000000000, 1.000000000000000000 ) ) ;
#762 = MECHANICAL_DESIGN_GEOMETRIC_PRESENTATION_REPRESENTATION (  '', ( #578 ), #1292 ) ;
#763 = ORIENTED_EDGE ( 'NONE', *, *, #907, .T. ) ;
#764 = APPLICATION_PROTOCOL_DEFINITION ( 'draft international standard', 'automotive_design', 1998, #1169 ) ;
#765 = ORIENTED_EDGE ( 'NONE', *, *, #968, .F. ) ;
#766 = CARTESIAN_POINT ( 'NONE',  ( 0.000000000000000000, 6.500000000000000000, -24.29999999999999716 ) ) ;
#767 = PLANE ( 'NONE',  #152 ) ;
#768 =( NAMED_UNIT ( * ) SI_UNIT ( $, .STERADIAN. ) SOLID_ANGLE_UNIT ( ) );
#769 = ORIENTED_EDGE ( 'NONE', *, *, #1104, .F. ) ;
#770 = EDGE_LOOP ( 'NONE', ( #1066, #307, #942, #838 ) ) ;
#771 = CARTESIAN_POINT ( 'NONE',  ( 0.000000000000000000, 0.9000000000000000222, 0.000000000000000000 ) ) ;
#772 = DIRECTION ( 'NONE',  ( 0.000000000000000000, 0.000000000000000000, 1.000000000000000000 ) ) ;
#773 = ORIENTED_EDGE ( 'NONE', *, *, #110, .F. ) ;
#774 = DIRECTION ( 'NONE',  ( 0.000000000000000000, -1.000000000000000000, 0.000000000000000000 ) ) ;
#775 = DIRECTION ( 'NONE',  ( 0.000000000000000000, 0.000000000000000000, -1.000000000000000000 ) ) ;
#776 = CARTESIAN_POINT ( 'NONE',  ( 9.320000000000000284, 12.69999999999999929, -21.39999999999999858 ) ) ;
#777 = EDGE_CURVE ( 'NONE', #183, #863, #1021, .T. ) ;
#778 = VERTEX_POINT ( 'NONE', #899 ) ;
#779 = CLOSED_SHELL ( 'NONE', ( #348, #572, #625, #147 ) ) ;
#780 = AXIS2_PLACEMENT_3D ( 'NONE', #981, #1391, #1163 ) ;
#781 = VERTEX_POINT ( 'NONE', #355 ) ;
#782 = DIRECTION ( 'NONE',  ( 0.000000000000000000, 1.000000000000000000, 0.000000000000000000 ) ) ;
#783 = CIRCLE ( 'NONE', #1112, 0.9999999999999991118 ) ;
#784 = CIRCLE ( 'NONE', #1271, 0.7500000000000006661 ) ;
#785 = DIRECTION ( 'NONE',  ( 0.000000000000000000, -1.000000000000000000, 0.000000000000000000 ) ) ;
#786 = FILL_AREA_STYLE_COLOUR ( '', #322 ) ;
#787 = VECTOR ( 'NONE', #84, 1000.000000000000000 ) ;
#788 = VERTEX_POINT ( 'NONE', #1008 ) ;
#789 = LINE ( 'NONE', #423, #211 ) ;
#790 = MANIFOLD_SOLID_BREP ( 'NONE', #1109 ) ;
#791 = EDGE_CURVE ( 'NONE', #634, #498, #40, .T. ) ;
#792 = ORIENTED_EDGE ( 'NONE', *, *, #925, .T. ) ;
#793 = DIRECTION ( 'NONE',  ( 0.000000000000000000, 0.000000000000000000, -1.000000000000000000 ) ) ;
#794 = CARTESIAN_POINT ( 'NONE',  ( -4.200000000000000178, -4.000000000000000000, -4.250000000000000000 ) ) ;
#795 = CARTESIAN_POINT ( 'NONE',  ( 3.250000000000000000, 6.500000000000000000, 0.000000000000000000 ) ) ;
#796 = DIRECTION ( 'NONE',  ( 0.000000000000000000, 0.000000000000000000, 1.000000000000000000 ) ) ;
#797 = ORIENTED_EDGE ( 'NONE', *, *, #934, .F. ) ;
#798 = FACE_OUTER_BOUND ( 'NONE', #294, .T. ) ;
#799 = EDGE_CURVE ( 'NONE', #1375, #583, #565, .T. ) ;
#800 = MANIFOLD_SOLID_BREP ( 'NONE', #852 ) ;
#801 = CYLINDRICAL_SURFACE ( 'NONE', #235, 0.7499999999999997780 ) ;
#802 = VERTEX_POINT ( 'NONE', #361 ) ;
#803 = CARTESIAN_POINT ( 'NONE',  ( 0.000000000000000000, -4.000000000000000000, 0.000000000000000000 ) ) ;
#804 = EDGE_CURVE ( 'NONE', #310, #1365, #344, .T. ) ;
#805 = AXIS2_PLACEMENT_3D ( 'NONE', #515, #672, #887 ) ;
#806 = AXIS2_PLACEMENT_3D ( 'NONE', #517, #836, #612 ) ;
#807 = FACE_OUTER_BOUND ( 'NONE', #1255, .T. ) ;
#808 = ORIENTED_EDGE ( 'NONE', *, *, #1295, .T. ) ;
#809 = AXIS2_PLACEMENT_3D ( 'NONE', #298, #648, #622 ) ;
#810 = AXIS2_PLACEMENT_3D ( 'NONE', #1234, #1137, #285 ) ;
#811 = ORIENTED_EDGE ( 'NONE', *, *, #892, .F. ) ;
#812 = PRESENTATION_STYLE_ASSIGNMENT (( #833 ) ) ;
#813 = MANIFOLD_SOLID_BREP ( 'NONE', #165 ) ;
#814 = DIRECTION ( 'NONE',  ( 0.000000000000000000, 1.000000000000000000, 0.000000000000000000 ) ) ;
#815 = CARTESIAN_POINT ( 'NONE',  ( 0.000000000000000000, 10.65000000000000036, -21.39999999999999858 ) ) ;
#816 = ORIENTED_EDGE ( 'NONE', *, *, #1305, .T. ) ;
#817 = VERTEX_POINT ( 'NONE', #939 ) ;
#818 = CARTESIAN_POINT ( 'NONE',  ( 0.000000000000000000, 6.500000000000000000, 8.849999999999999645 ) ) ;
#819 = DIRECTION ( 'NONE',  ( 1.000000000000000000, 0.000000000000000000, 0.000000000000000000 ) ) ;
#820 = ORIENTED_EDGE ( 'NONE', *, *, #1188, .F. ) ;
#821 = MANIFOLD_SOLID_BREP ( 'NONE', #779 ) ;
#822 = EDGE_CURVE ( 'NONE', #1150, #653, #577, .T. ) ;
#823 = VERTEX_POINT ( 'NONE', #281 ) ;
#824 =( LENGTH_UNIT ( ) NAMED_UNIT ( * ) SI_UNIT ( .MILLI., .METRE. ) );
#825 = DIRECTION ( 'NONE',  ( 0.000000000000000000, 1.000000000000000000, 0.000000000000000000 ) ) ;
#826 = CIRCLE ( 'NONE', #996, 3.250000000000000444 ) ;
#827 = FACE_OUTER_BOUND ( 'NONE', #421, .T. ) ;
#828 = VECTOR ( 'NONE', #953, 1000.000000000000000 ) ;
#829 = AXIS2_PLACEMENT_3D ( 'NONE', #350, #1086, #541 ) ;
#830 = EDGE_CURVE ( 'NONE', #252, #209, #1040, .T. ) ;
#831 = CIRCLE ( 'NONE', #809, 1.000000000000000000 ) ;
#832 = DIRECTION ( 'NONE',  ( 0.000000000000000000, 1.000000000000000000, 0.000000000000000000 ) ) ;
#833 = SURFACE_STYLE_USAGE ( .BOTH. , #1007 ) ;
#834 = CIRCLE ( 'NONE', #1158, 1.499999999999999556 ) ;
#835 = DIRECTION ( 'NONE',  ( 0.000000000000000000, -0.7071067811865474617, 0.7071067811865474617 ) ) ;
#836 = DIRECTION ( 'NONE',  ( 0.000000000000000000, -1.000000000000000000, 0.000000000000000000 ) ) ;
#837 = UNCERTAINTY_MEASURE_WITH_UNIT (LENGTH_MEASURE( 1.000000000000000082E-05 ), #1329, 'distance_accuracy_value', 'NONE');
#838 = ORIENTED_EDGE ( 'NONE', *, *, #497, .F. ) ;
#839 = FACE_OUTER_BOUND ( 'NONE', #1170, .T. ) ;
#840 = DIRECTION ( 'NONE',  ( 0.000000000000000000, -1.000000000000000000, 0.000000000000000000 ) ) ;
#841 = EDGE_CURVE ( 'NONE', #583, #531, #551, .T. ) ;
#842 = DIRECTION ( 'NONE',  ( 1.000000000000000000, 0.000000000000000000, 0.000000000000000000 ) ) ;
#843 = DIRECTION ( 'NONE',  ( 0.000000000000000000, 0.000000000000000000, -1.000000000000000000 ) ) ;
#844 = CONTEXT_DEPENDENT_SHAPE_REPRESENTATION ( #522, #500 ) ;
#845 = ORIENTED_EDGE ( 'NONE', *, *, #756, .F. ) ;
#846 = ORIENTED_EDGE ( 'NONE', *, *, #168, .T. ) ;
#847 = CARTESIAN_POINT ( 'NONE',  ( 0.000000000000000000, 9.750000000000000000, 0.000000000000000000 ) ) ;
#848 = CARTESIAN_POINT ( 'NONE',  ( -4.200000000000000178, 0.000000000000000000, -7.450000000000000178 ) ) ;
#849 = PLANE ( 'NONE',  #280 ) ;
#850 = EDGE_CURVE ( 'NONE', #1023, #1164, #1024, .T. ) ;
#851 = DIRECTION ( 'NONE',  ( 0.000000000000000000, -1.000000000000000000, 0.000000000000000000 ) ) ;
#852 = CLOSED_SHELL ( 'NONE', ( #9, #434, #33, #429 ) ) ;
#853 = CIRCLE ( 'NONE', #642, 0.7499999999999997780 ) ;
#854 = DIRECTION ( 'NONE',  ( 0.000000000000000000, 0.000000000000000000, 1.000000000000000000 ) ) ;
#855 = SURFACE_SIDE_STYLE ('',( #105 ) ) ;
#856 = CIRCLE ( 'NONE', #877, 3.250000000000000000 ) ;
#857 = ORIENTED_EDGE ( 'NONE', *, *, #1231, .T. ) ;
#858 = PRESENTATION_LAYER_ASSIGNMENT (  '', '', ( #1090 ) ) ;
#859 = CARTESIAN_POINT ( 'NONE',  ( 7.230000000000000426, -2.000000000000000000, -6.450000000000000178 ) ) ;
#860 = LINE ( 'NONE', #1278, #828 ) ;
#861 = PRODUCT_RELATED_PRODUCT_CATEGORY ( 'part', '', ( #387 ) ) ;
#862 = EDGE_LOOP ( 'NONE', ( #1325, #1331, #704, #590, #1370, #757, #433, #713, #512 ) ) ;
#863 = VERTEX_POINT ( 'NONE', #49 ) ;
#864 = FILL_AREA_STYLE ('',( #1069 ) ) ;
#865 = ORIENTED_EDGE ( 'NONE', *, *, #725, .T. ) ;
#866 = CARTESIAN_POINT ( 'NONE',  ( 0.000000000000000000, 6.500000000000000000, 8.349999999999999645 ) ) ;
#867 = DIRECTION ( 'NONE',  ( 0.000000000000000000, 0.000000000000000000, 1.000000000000000000 ) ) ;
#868 = EDGE_CURVE ( 'NONE', #1015, #258, #621, .T. ) ;
#869 = ORIENTED_EDGE ( 'NONE', *, *, #358, .T. ) ;
#870 = DIRECTION ( 'NONE',  ( 0.000000000000000000, -1.000000000000000000, 0.000000000000000000 ) ) ;
#871 = FACE_OUTER_BOUND ( 'NONE', #647, .T. ) ;
#872 = AXIS2_PLACEMENT_3D ( 'NONE', #388, #173, #707 ) ;
#873 = CIRCLE ( 'NONE', #1020, 0.7500000000000006661 ) ;
#874 = EDGE_LOOP ( 'NONE', ( #1300, #574 ) ) ;
#875 = LINE ( 'NONE', #334, #1133 ) ;
#876 = VECTOR ( 'NONE', #1211, 1000.000000000000000 ) ;
#877 = AXIS2_PLACEMENT_3D ( 'NONE', #1034, #286, #751 ) ;
#878 = CARTESIAN_POINT ( 'NONE',  ( 0.000000000000000000, 6.500000000000000000, -21.27361162513000181 ) ) ;
#879 = MECHANICAL_DESIGN_GEOMETRIC_PRESENTATION_REPRESENTATION (  '', ( #78 ), #1048 ) ;
#880 = FACE_OUTER_BOUND ( 'NONE', #1147, .T. ) ;
#881 = VERTEX_POINT ( 'NONE', #483 ) ;
#882 = LINE ( 'NONE', #677, #529 ) ;
#883 = EDGE_CURVE ( 'NONE', #232, #253, #664, .T. ) ;
#884 = DIRECTION ( 'NONE',  ( 0.000000000000000000, 0.000000000000000000, -1.000000000000000000 ) ) ;
#885 = SURFACE_SIDE_STYLE ('',( #891 ) ) ;
#886 = ORIENTED_EDGE ( 'NONE', *, *, #81, .T. ) ;
#887 = DIRECTION ( 'NONE',  ( 0.000000000000000000, -1.000000000000000000, 0.000000000000000000 ) ) ;
#888 = EDGE_LOOP ( 'NONE', ( #375, #276, #960, #443 ) ) ;
#889 = CARTESIAN_POINT ( 'NONE',  ( 7.230000000000000426, -4.000000000000000000, -16.19999999999999929 ) ) ;
#890 = CARTESIAN_POINT ( 'NONE',  ( -3.250000000000000000, 6.500000000000000000, -21.27361162513000181 ) ) ;
#891 = SURFACE_STYLE_FILL_AREA ( #1187 ) ;
#892 = EDGE_CURVE ( 'NONE', #881, #408, #1070, .T. ) ;
#893 = DIRECTION ( 'NONE',  ( 0.000000000000000000, -1.000000000000000000, 0.000000000000000000 ) ) ;
#894 =( NAMED_UNIT ( * ) PLANE_ANGLE_UNIT ( ) SI_UNIT ( $, .RADIAN. ) );
#895 = AXIS2_PLACEMENT_3D ( 'NONE', #269, #184, #1356 ) ;
#896 = EDGE_LOOP ( 'NONE', ( #44, #1071, #1357, #447 ) ) ;
#897 = CARTESIAN_POINT ( 'NONE',  ( 9.320000000000000284, 0.000000000000000000, 0.000000000000000000 ) ) ;
#898 = AXIS2_PLACEMENT_3D ( 'NONE', #21, #32, #884 ) ;
#899 = CARTESIAN_POINT ( 'NONE',  ( 7.230000000000000426, 0.000000000000000000, -5.000000000000000000 ) ) ;
#900 = PRODUCT_RELATED_PRODUCT_CATEGORY ( 'part', '', ( #416 ) ) ;
#901 = FACE_OUTER_BOUND ( 'NONE', #202, .T. ) ;
#902 = COLOUR_RGB ( '',0.7921568627450980005, 0.8196078431372548767, 0.9333333333333333481 ) ;
#903 = ADVANCED_FACE ( 'NONE', ( #62 ), #1235, .F. ) ;
#904 = ORIENTED_EDGE ( 'NONE', *, *, #1043, .F. ) ;
#905 = DIRECTION ( 'NONE',  ( 0.000000000000000000, 0.000000000000000000, 1.000000000000000000 ) ) ;
#906 = FACE_OUTER_BOUND ( 'NONE', #514, .T. ) ;
#907 = EDGE_CURVE ( 'NONE', #217, #1141, #1201, .T. ) ;
#908 = ORIENTED_EDGE ( 'NONE', *, *, #528, .F. ) ;
#909 = SURFACE_STYLE_USAGE ( .BOTH. , #1218 ) ;
#910 = DIRECTION ( 'NONE',  ( 0.000000000000000000, 0.000000000000000000, -1.000000000000000000 ) ) ;
#911 = ADVANCED_FACE ( 'NONE', ( #378 ), #270, .T. ) ;
#912 = ORIENTED_EDGE ( 'NONE', *, *, #145, .F. ) ;
#913 = SURFACE_STYLE_FILL_AREA ( #598 ) ;
#914 = DIRECTION ( 'NONE',  ( 0.000000000000000000, 0.000000000000000000, -1.000000000000000000 ) ) ;
#915 = AXIS2_PLACEMENT_3D ( 'NONE', #1160, #636, #140 ) ;
#916 = LINE ( 'NONE', #374, #52 ) ;
#917 = VECTOR ( 'NONE', #835, 1000.000000000000114 ) ;
#918 = DIRECTION ( 'NONE',  ( 0.000000000000000000, 0.000000000000000000, 1.000000000000000000 ) ) ;
#919 = DIRECTION ( 'NONE',  ( 0.000000000000000000, 0.000000000000000000, -1.000000000000000000 ) ) ;
#920 = EDGE_CURVE ( 'NONE', #217, #232, #1352, .T. ) ;
#921 = CYLINDRICAL_SURFACE ( 'NONE', #728, 3.250000000000000000 ) ;
#922 = DIRECTION ( 'NONE',  ( 0.000000000000000000, 0.000000000000000000, 1.000000000000000000 ) ) ;
#923 = CARTESIAN_POINT ( 'NONE',  ( 0.000000000000000000, 6.500000000000000000, 7.849999999999999645 ) ) ;
#924 = FACE_OUTER_BOUND ( 'NONE', #1337, .T. ) ;
#925 = EDGE_CURVE ( 'NONE', #737, #252, #856, .T. ) ;
#926 = VERTEX_POINT ( 'NONE', #414 ) ;
#927 = SHAPE_REPRESENTATION ( 'NRJ4HF_NRJ4HF.STEP', ( #104 ), #351 ) ;
#928 = DIRECTION ( 'NONE',  ( 0.000000000000000000, 0.000000000000000000, 1.000000000000000000 ) ) ;
#929 =( NAMED_UNIT ( * ) PLANE_ANGLE_UNIT ( ) SI_UNIT ( $, .RADIAN. ) );
#930 = DIRECTION ( 'NONE',  ( 0.000000000000000000, 0.000000000000000000, -1.000000000000000000 ) ) ;
#931 = CYLINDRICAL_SURFACE ( 'NONE', #685, 5.599999999999999645 ) ;
#932 = PRODUCT_DEFINITION_SHAPE ( 'NONE', 'NONE',  #2 ) ;
#933 = MECHANICAL_DESIGN_GEOMETRIC_PRESENTATION_REPRESENTATION (  '', ( #279 ), #1175 ) ;
#934 = EDGE_CURVE ( 'NONE', #548, #326, #221, .T. ) ;
#935 = CONICAL_SURFACE ( 'NONE', #478, 3.824999999999999289, 0.2204937613667171392 ) ;
#936 = CARTESIAN_POINT ( 'NONE',  ( 0.000000000000000000, -2.000000000000000000, 0.000000000000000000 ) ) ;
#937 = DIRECTION ( 'NONE',  ( 0.000000000000000000, -1.000000000000000000, 0.000000000000000000 ) ) ;
#938 = AXIS2_PLACEMENT_3D ( 'NONE', #312, #290, #721 ) ;
#939 = CARTESIAN_POINT ( 'NONE',  ( 7.230000000000000426, -2.000000000000000000, -8.449999999999999289 ) ) ;
#940 = LINE ( 'NONE', #1386, #999 ) ;
#941 = ORIENTED_EDGE ( 'NONE', *, *, #650, .F. ) ;
#942 = ORIENTED_EDGE ( 'NONE', *, *, #89, .F. ) ;
#943 = LINE ( 'NONE', #1372, #571 ) ;
#944 = EDGE_CURVE ( 'NONE', #1150, #86, #640, .T. ) ;
#945 = DIRECTION ( 'NONE',  ( 0.000000000000000000, 1.000000000000000000, 0.000000000000000000 ) ) ;
#946 = FACE_OUTER_BOUND ( 'NONE', #157, .T. ) ;
#947 = SHAPE_DEFINITION_REPRESENTATION ( #932, #927 ) ;
#948 = ORIENTED_EDGE ( 'NONE', *, *, #749, .F. ) ;
#949 = FACE_OUTER_BOUND ( 'NONE', #384, .T. ) ;
#950 = CARTESIAN_POINT ( 'NONE',  ( 0.000000000000000000, 0.000000000000000000, 0.000000000000000000 ) ) ;
#951 = EDGE_CURVE ( 'NONE', #11, #1076, #314, .T. ) ;
#952 = DIRECTION ( 'NONE',  ( 0.000000000000000000, -1.000000000000000000, 0.000000000000000000 ) ) ;
#953 = DIRECTION ( 'NONE',  ( 1.000000000000000000, 0.000000000000000000, 0.000000000000000000 ) ) ;
#954 = CIRCLE ( 'NONE', #895, 3.250000000000000444 ) ;
#955 = ORIENTED_EDGE ( 'NONE', *, *, #46, .T. ) ;
#956 = CIRCLE ( 'NONE', #101, 0.5000000000000004441 ) ;
#957 = DIRECTION ( 'NONE',  ( 0.000000000000000000, -1.000000000000000000, 0.000000000000000000 ) ) ;
#958 =( LENGTH_UNIT ( ) NAMED_UNIT ( * ) SI_UNIT ( .MILLI., .METRE. ) );
#959 = VECTOR ( 'NONE', #945, 1000.000000000000000 ) ;
#960 = ORIENTED_EDGE ( 'NONE', *, *, #1145, .F. ) ;
#961 = DIRECTION ( 'NONE',  ( 0.000000000000000000, -1.000000000000000000, 0.000000000000000000 ) ) ;
#962 = CARTESIAN_POINT ( 'NONE',  ( 7.230000000000000426, -4.000000000000000000, -3.500000000000000000 ) ) ;
#963 = EDGE_CURVE ( 'NONE', #823, #1228, #504, .T. ) ;
#964 = ORIENTED_EDGE ( 'NONE', *, *, #1126, .F. ) ;
#965 = VERTEX_POINT ( 'NONE', #1159 ) ;
#966 = DIRECTION ( 'NONE',  ( 0.000000000000000000, 1.000000000000000000, 0.000000000000000000 ) ) ;
#967 = CARTESIAN_POINT ( 'NONE',  ( -3.250000000000000000, 6.500000000000000000, 0.000000000000000000 ) ) ;
#968 = EDGE_CURVE ( 'NONE', #781, #634, #831, .T. ) ;
#969 = ORIENTED_EDGE ( 'NONE', *, *, #883, .F. ) ;
#970 = PLANE ( 'NONE',  #390 ) ;
#971 = DIRECTION ( 'NONE',  ( 0.000000000000000000, 0.000000000000000000, 1.000000000000000000 ) ) ;
#972 = SHAPE_REPRESENTATION_RELATIONSHIP ( 'NONE' , 'NONE' ,  #927, #562 ) ;
#973 = AXIS2_PLACEMENT_3D ( 'NONE', #172, #602, #1031 ) ;
#974 = ORIENTED_EDGE ( 'NONE', *, *, #1231, .F. ) ;
#975 = DIRECTION ( 'NONE',  ( 0.000000000000000000, 1.000000000000000000, 0.000000000000000000 ) ) ;
#976 = AXIS2_PLACEMENT_3D ( 'NONE', #449, #329, #556 ) ;
#977 = PRODUCT_DEFINITION_SHAPE ( 'NONE', 'NONE',  #199 ) ;
#978 = DIRECTION ( 'NONE',  ( 0.000000000000000000, 0.000000000000000000, -1.000000000000000000 ) ) ;
#979 = ORIENTED_EDGE ( 'NONE', *, *, #311, .T. ) ;
#980 = AXIS2_PLACEMENT_3D ( 'NONE', #766, #342, #782 ) ;
#981 = CARTESIAN_POINT ( 'NONE',  ( 7.230000000000000426, 0.000000000000000000, -7.450000000000000178 ) ) ;
#982 = ADVANCED_FACE ( 'NONE', ( #1049 ), #210, .T. ) ;
#983 = EDGE_LOOP ( 'NONE', ( #615, #340, #1167, #51 ) ) ;
#984 = CARTESIAN_POINT ( 'NONE',  ( -6.429999999999999716, 12.69999999999999929, -21.39999999999999858 ) ) ;
#985 = CARTESIAN_POINT ( 'NONE',  ( -4.200000000000000178, 0.000000000000000000, -16.94999999999999929 ) ) ;
#986 = CARTESIAN_POINT ( 'NONE',  ( -4.200000000000000178, -4.000000000000000000, -5.000000000000000000 ) ) ;
#987 =( LENGTH_UNIT ( ) NAMED_UNIT ( * ) SI_UNIT ( .MILLI., .METRE. ) );
#988 = VERTEX_POINT ( 'NONE', #1368 ) ;
#989 = CARTESIAN_POINT ( 'NONE',  ( 5.100000000000000533, 0.000000000000000000, -12.30000000000000071 ) ) ;
#990 = CARTESIAN_POINT ( 'NONE',  ( 7.230000000000000426, 0.000000000000000000, -4.250000000000000000 ) ) ;
#991 = PRESENTATION_STYLE_ASSIGNMENT (( #909 ) ) ;
#992 = ADVANCED_FACE ( 'NONE', ( #1054 ), #849, .T. ) ;
#993 = CYLINDRICAL_SURFACE ( 'NONE', #755, 0.7499999999999997780 ) ;
#994 = EDGE_LOOP ( 'NONE', ( #886, #1107, #452, #676 ) ) ;
#995 =( NAMED_UNIT ( * ) PLANE_ANGLE_UNIT ( ) SI_UNIT ( $, .RADIAN. ) );
#996 = AXIS2_PLACEMENT_3D ( 'NONE', #1127, #918, #1046 ) ;
#997 = ORIENTED_EDGE ( 'NONE', *, *, #540, .T. ) ;
#998 = DIRECTION ( 'NONE',  ( 1.000000000000000000, 0.000000000000000000, 0.000000000000000000 ) ) ;
#999 = VECTOR ( 'NONE', #511, 1000.000000000000000 ) ;
#1000 =( NAMED_UNIT ( * ) SI_UNIT ( $, .STERADIAN. ) SOLID_ANGLE_UNIT ( ) );
#1001 = AXIS2_PLACEMENT_3D ( 'NONE', #561, #1111, #654 ) ;
#1002 = DIRECTION ( 'NONE',  ( 0.000000000000000000, 0.000000000000000000, -1.000000000000000000 ) ) ;
#1003 = ADVANCED_FACE ( 'NONE', ( #398 ), #689, .T. ) ;
#1004 = CIRCLE ( 'NONE', #1227, 1.499999999999999556 ) ;
#1005 = VERTEX_POINT ( 'NONE', #532 ) ;
#1006 = ORIENTED_EDGE ( 'NONE', *, *, #934, .T. ) ;
#1007 = SURFACE_SIDE_STYLE ('',( #158 ) ) ;
#1008 = CARTESIAN_POINT ( 'NONE',  ( -4.200000000000000178, -2.000000000000000000, -6.450000000000000178 ) ) ;
#1009 = CARTESIAN_POINT ( 'NONE',  ( 0.000000000000000000, 6.500000000000000000, 8.349999999999999645 ) ) ;
#1010 = APPLICATION_CONTEXT ( 'automotive_design' ) ;
#1011 = ORIENTED_EDGE ( 'NONE', *, *, #1224, .F. ) ;
#1012 = PRESENTATION_STYLE_ASSIGNMENT (( #1033 ) ) ;
#1013 = DIRECTION ( 'NONE',  ( 0.000000000000000000, 0.000000000000000000, -1.000000000000000000 ) ) ;
#1014 = FACE_OUTER_BOUND ( 'NONE', #133, .T. ) ;
#1015 = VERTEX_POINT ( 'NONE', #1259 ) ;
#1016 = EDGE_LOOP ( 'NONE', ( #719, #1276 ) ) ;
#1017 = ADVANCED_FACE ( 'NONE', ( #107 ), #1288, .T. ) ;
#1018 = CIRCLE ( 'NONE', #780, 1.000000000000000000 ) ;
#1019 = CARTESIAN_POINT ( 'NONE',  ( 0.000000000000000000, 6.500000000000000000, 0.000000000000000000 ) ) ;
#1020 = AXIS2_PLACEMENT_3D ( 'NONE', #1369, #428, #1065 ) ;
#1021 = CIRCLE ( 'NONE', #415, 0.7499999999999997780 ) ;
#1022 = PLANE ( 'NONE',  #121 ) ;
#1023 = VERTEX_POINT ( 'NONE', #1277 ) ;
#1024 = CIRCLE ( 'NONE', #417, 3.749999999999999112 ) ;
#1025 = CIRCLE ( 'NONE', #1344, 0.7500000000000006661 ) ;
#1026 = AXIS2_PLACEMENT_3D ( 'NONE', #567, #536, #357 ) ;
#1027 = ORIENTED_EDGE ( 'NONE', *, *, #481, .F. ) ;
#1028 = DIRECTION ( 'NONE',  ( 1.000000000000000000, 0.000000000000000000, 0.000000000000000000 ) ) ;
#1029 = ADVANCED_FACE ( 'NONE', ( #538 ), #935, .T. ) ;
#1030 = DIRECTION ( 'NONE',  ( 1.000000000000000000, 0.000000000000000000, 0.000000000000000000 ) ) ;
#1031 = DIRECTION ( 'NONE',  ( 0.000000000000000000, 0.000000000000000000, -1.000000000000000000 ) ) ;
#1032 = CARTESIAN_POINT ( 'NONE',  ( -4.200000000000000178, 0.000000000000000000, -3.500000000000000000 ) ) ;
#1033 = SURFACE_STYLE_USAGE ( .BOTH. , #1229 ) ;
#1034 = CARTESIAN_POINT ( 'NONE',  ( 0.000000000000000000, 6.500000000000000000, -21.27361162513000181 ) ) ;
#1035 = DIRECTION ( 'NONE',  ( 1.000000000000000000, 0.000000000000000000, 0.000000000000000000 ) ) ;
#1036 = EDGE_CURVE ( 'NONE', #788, #498, #1389, .T. ) ;
#1037 = UNCERTAINTY_MEASURE_WITH_UNIT (LENGTH_MEASURE( 1.000000000000000082E-05 ), #472, 'distance_accuracy_value', 'NONE');
#1038 = CARTESIAN_POINT ( 'NONE',  ( -6.429999999999999716, 12.69999999999999929, 0.000000000000000000 ) ) ;
#1039 = FACE_OUTER_BOUND ( 'NONE', #994, .T. ) ;
#1040 = LINE ( 'NONE', #710, #76 ) ;
#1041 = DIRECTION ( 'NONE',  ( 0.000000000000000000, -1.000000000000000000, 0.000000000000000000 ) ) ;
#1042 = VECTOR ( 'NONE', #392, 1000.000000000000000 ) ;
#1043 = EDGE_CURVE ( 'NONE', #988, #802, #635, .T. ) ;
#1044 = EDGE_LOOP ( 'NONE', ( #637, #534, #468, #846 ) ) ;
#1045 =( GEOMETRIC_REPRESENTATION_CONTEXT ( 3 ) GLOBAL_UNCERTAINTY_ASSIGNED_CONTEXT ( ( #726 ) ) GLOBAL_UNIT_ASSIGNED_CONTEXT ( ( #146, #656, #768 ) ) REPRESENTATION_CONTEXT ( 'NONE', 'WORKASPACE' ) );
#1046 = DIRECTION ( 'NONE',  ( 0.000000000000000000, 1.000000000000000000, 0.000000000000000000 ) ) ;
#1047 = CARTESIAN_POINT ( 'NONE',  ( -6.429999999999999716, 0.000000000000000000, -21.39999999999999858 ) ) ;
#1048 =( GEOMETRIC_REPRESENTATION_CONTEXT ( 3 ) GLOBAL_UNCERTAINTY_ASSIGNED_CONTEXT ( ( #1037 ) ) GLOBAL_UNIT_ASSIGNED_CONTEXT ( ( #472, #929, #163 ) ) REPRESENTATION_CONTEXT ( 'NONE', 'WORKASPACE' ) );
#1049 = FACE_OUTER_BOUND ( 'NONE', #639, .T. ) ;
#1050 = CARTESIAN_POINT ( 'NONE',  ( -6.429999999999999716, 12.69999999999999929, 0.000000000000000000 ) ) ;
#1051 = EDGE_LOOP ( 'NONE', ( #739, #135, #797, #336 ) ) ;
#1052 = DIRECTION ( 'NONE',  ( 0.000000000000000000, -1.000000000000000000, 0.000000000000000000 ) ) ;
#1053 =( NAMED_UNIT ( * ) SI_UNIT ( $, .STERADIAN. ) SOLID_ANGLE_UNIT ( ) );
#1054 = FACE_OUTER_BOUND ( 'NONE', #1176, .T. ) ;
#1055 = PRODUCT ( 'NRJ4HF.STEP', 'NRJ4HF.STEP', '', ( #1309 ) ) ;
#1056 = DIRECTION ( 'NONE',  ( 0.000000000000000000, -1.000000000000000000, 0.000000000000000000 ) ) ;
#1057 = EDGE_LOOP ( 'NONE', ( #773, #1027 ) ) ;
#1058 = ORIENTED_EDGE ( 'NONE', *, *, #747, .F. ) ;
#1059 = EDGE_LOOP ( 'NONE', ( #811, #1354 ) ) ;
#1060 = DIRECTION ( 'NONE',  ( 0.000000000000000000, 0.000000000000000000, -1.000000000000000000 ) ) ;
#1061 = CYLINDRICAL_SURFACE ( 'NONE', #1321, 0.9999999999999991118 ) ;
#1062 = EDGE_CURVE ( 'NONE', #736, #988, #526, .T. ) ;
#1063 = ORIENTED_EDGE ( 'NONE', *, *, #492, .T. ) ;
#1064 = FACE_BOUND ( 'NONE', #1059, .T. ) ;
#1065 = DIRECTION ( 'NONE',  ( 0.000000000000000000, 0.000000000000000000, 1.000000000000000000 ) ) ;
#1066 = ORIENTED_EDGE ( 'NONE', *, *, #473, .T. ) ;
#1067 = EDGE_LOOP ( 'NONE', ( #1262, #763, #313, #79 ) ) ;
#1068 = VECTOR ( 'NONE', #437, 1000.000000000000000 ) ;
#1069 = FILL_AREA_STYLE_COLOUR ( '', #902 ) ;
#1070 = CIRCLE ( 'NONE', #240, 4.150000000000000355 ) ;
#1071 = ORIENTED_EDGE ( 'NONE', *, *, #68, .T. ) ;
#1072 = DIRECTION ( 'NONE',  ( 0.000000000000000000, -1.000000000000000000, 0.000000000000000000 ) ) ;
#1073 = ADVANCED_FACE ( 'NONE', ( #1377 ), #404, .T. ) ;
#1074 = FACE_BOUND ( 'NONE', #560, .T. ) ;
#1075 =( NAMED_UNIT ( * ) SI_UNIT ( $, .STERADIAN. ) SOLID_ANGLE_UNIT ( ) );
#1076 = VERTEX_POINT ( 'NONE', #859 ) ;
#1077 = CARTESIAN_POINT ( 'NONE',  ( 0.000000000000000000, -4.000000000000000000, 0.000000000000000000 ) ) ;
#1078 = DIRECTION ( 'NONE',  ( 0.000000000000000000, -1.000000000000000000, 0.000000000000000000 ) ) ;
#1079 = ADVANCED_FACE ( 'NONE', ( #1064, #743 ), #98, .F. ) ;
#1080 = ORIENTED_EDGE ( 'NONE', *, *, #175, .T. ) ;
#1081 = CARTESIAN_POINT ( 'NONE',  ( 0.000000000000000000, 9.750000000000000000, 8.349999999999999645 ) ) ;
#1082 = CARTESIAN_POINT ( 'NONE',  ( 7.230000000000000426, 0.000000000000000000, -7.450000000000000178 ) ) ;
#1083 = FILL_AREA_STYLE ('',( #678 ) ) ;
#1084 = PLANE ( 'NONE',  #544 ) ;
#1085 = EDGE_CURVE ( 'NONE', #1375, #653, #875, .T. ) ;
#1086 = DIRECTION ( 'NONE',  ( 0.000000000000000000, 0.000000000000000000, 1.000000000000000000 ) ) ;
#1087 = ORIENTED_EDGE ( 'NONE', *, *, #667, .T. ) ;
#1088 = DIRECTION ( 'NONE',  ( 0.000000000000000000, 0.000000000000000000, 1.000000000000000000 ) ) ;
#1089 = AXIS2_PLACEMENT_3D ( 'NONE', #308, #516, #196 ) ;
#1090 = STYLED_ITEM ( 'NONE', ( #812 ), #1252 ) ;
#1091 = EDGE_LOOP ( 'NONE', ( #198, #624 ) ) ;
#1092 = CARTESIAN_POINT ( 'NONE',  ( -6.429999999999999716, 0.000000000000000000, -21.39999999999999858 ) ) ;
#1093 = SURFACE_STYLE_USAGE ( .BOTH. , #463 ) ;
#1094 = DIRECTION ( 'NONE',  ( -1.000000000000000000, 0.000000000000000000, 0.000000000000000000 ) ) ;
#1095 = EDGE_CURVE ( 'NONE', #988, #106, #882, .T. ) ;
#1096 = ORIENTED_EDGE ( 'NONE', *, *, #43, .T. ) ;
#1097 = CARTESIAN_POINT ( 'NONE',  ( 0.000000000000000000, 6.500000000000000000, -22.21180581257000242 ) ) ;
#1098 = DIRECTION ( 'NONE',  ( 0.000000000000000000, -1.000000000000000000, 0.000000000000000000 ) ) ;
#1099 = FILL_AREA_STYLE_COLOUR ( '', #16 ) ;
#1100 = CARTESIAN_POINT ( 'NONE',  ( 0.000000000000000000, 12.09999999999999964, 7.849999999999999645 ) ) ;
#1101 = APPLICATION_PROTOCOL_DEFINITION ( 'draft international standard', 'automotive_design', 1998, #1010 ) ;
#1102 = ORIENTED_EDGE ( 'NONE', *, *, #920, .T. ) ;
#1103 = DIRECTION ( 'NONE',  ( 0.000000000000000000, 1.000000000000000000, 0.000000000000000000 ) ) ;
#1104 = EDGE_CURVE ( 'NONE', #237, #554, #139, .T. ) ;
#1105 =( NAMED_UNIT ( * ) SI_UNIT ( $, .STERADIAN. ) SOLID_ANGLE_UNIT ( ) );
#1106 = DIRECTION ( 'NONE',  ( 0.000000000000000000, -1.000000000000000000, 0.000000000000000000 ) ) ;
#1107 = ORIENTED_EDGE ( 'NONE', *, *, #777, .F. ) ;
#1108 = VERTEX_POINT ( 'NONE', #1328 ) ;
#1109 = CLOSED_SHELL ( 'NONE', ( #1250, #292, #363, #903 ) ) ;
#1110 = ORIENTED_EDGE ( 'NONE', *, *, #489, .T. ) ;
#1111 = DIRECTION ( 'NONE',  ( -1.000000000000000000, 0.000000000000000000, 0.000000000000000000 ) ) ;
#1112 = AXIS2_PLACEMENT_3D ( 'NONE', #379, #1115, #910 ) ;
#1113 = PRESENTATION_STYLE_ASSIGNMENT (( #1093 ) ) ;
#1114 = COLOUR_RGB ( '',0.7921568627450980005, 0.8196078431372548767, 0.9333333333333333481 ) ;
#1115 = DIRECTION ( 'NONE',  ( 0.000000000000000000, -1.000000000000000000, 0.000000000000000000 ) ) ;
#1116 = AXIS2_PLACEMENT_3D ( 'NONE', #669, #453, #20 ) ;
#1117 = VERTEX_POINT ( 'NONE', #226 ) ;
#1118 = DIRECTION ( 'NONE',  ( 0.000000000000000000, 0.000000000000000000, -1.000000000000000000 ) ) ;
#1119 = CARTESIAN_POINT ( 'NONE',  ( 0.000000000000000000, 6.500000000000000000, -21.27361162513000181 ) ) ;
#1120 = DIRECTION ( 'NONE',  ( 1.000000000000000000, 0.000000000000000000, 0.000000000000000000 ) ) ;
#1121 = VERTEX_POINT ( 'NONE', #38 ) ;
#1122 = ADVANCED_FACE ( 'NONE', ( #543 ), #216, .F. ) ;
#1123 = ORIENTED_EDGE ( 'NONE', *, *, #1181, .T. ) ;
#1124 = FACE_OUTER_BOUND ( 'NONE', #593, .T. ) ;
#1125 = ORIENTED_EDGE ( 'NONE', *, *, #68, .F. ) ;
#1126 = EDGE_CURVE ( 'NONE', #1164, #310, #459, .T. ) ;
#1127 = CARTESIAN_POINT ( 'NONE',  ( 0.000000000000000000, 6.500000000000000000, 8.349999999999999645 ) ) ;
#1128 = CARTESIAN_POINT ( 'NONE',  ( 0.000000000000000000, 3.000000000000000000, -24.29999999999999716 ) ) ;
#1129 = DIRECTION ( 'NONE',  ( 0.000000000000000000, 0.000000000000000000, -1.000000000000000000 ) ) ;
#1130 = VECTOR ( 'NONE', #34, 1000.000000000000000 ) ;
#1131 = AXIS2_PLACEMENT_3D ( 'NONE', #454, #1322, #1210 ) ;
#1132 = CARTESIAN_POINT ( 'NONE',  ( -4.200000000000000178, 0.000000000000000000, -3.500000000000000000 ) ) ;
#1133 = VECTOR ( 'NONE', #1088, 1000.000000000000000 ) ;
#1134 = VECTOR ( 'NONE', #436, 1000.000000000000000 ) ;
#1135 = PRODUCT_DEFINITION_FORMATION_WITH_SPECIFIED_SOURCE ( 'ANY', '', #1055, .NOT_KNOWN. ) ;
#1136 = LINE ( 'NONE', #1032, #1240 ) ;
#1137 = DIRECTION ( 'NONE',  ( 0.000000000000000000, 0.000000000000000000, 1.000000000000000000 ) ) ;
#1138 = ADVANCED_FACE ( 'NONE', ( #798 ), #970, .T. ) ;
#1139 = CARTESIAN_POINT ( 'NONE',  ( -6.429999999999999716, 0.000000000000000000, -21.39999999999999858 ) ) ;
#1140 = PLANE ( 'NONE',  #1222 ) ;
#1141 = VERTEX_POINT ( 'NONE', #248 ) ;
#1142 = PLANE ( 'NONE',  #1194 ) ;
#1143 = FACE_BOUND ( 'NONE', #1296, .T. ) ;
#1144 = CARTESIAN_POINT ( 'NONE',  ( 0.000000000000000000, 6.500000000000000000, 8.349999999999999645 ) ) ;
#1145 = EDGE_CURVE ( 'NONE', #781, #788, #144, .T. ) ;
#1146 = CARTESIAN_POINT ( 'NONE',  ( 0.000000000000000000, 6.500000000000000000, 10.50750000000000028 ) ) ;
#1147 = EDGE_LOOP ( 'NONE', ( #1387, #1205 ) ) ;
#1148 = CARTESIAN_POINT ( 'NONE',  ( 0.000000000000000000, 6.500000000000000000, -24.29999999999999716 ) ) ;
#1149 = DIRECTION ( 'NONE',  ( 0.000000000000000000, -0.8660254037844288266, -0.5000000000000169864 ) ) ;
#1150 = VERTEX_POINT ( 'NONE', #1081 ) ;
#1151 = DIRECTION ( 'NONE',  ( 0.000000000000000000, 1.000000000000000000, 0.000000000000000000 ) ) ;
#1152 = CARTESIAN_POINT ( 'NONE',  ( 0.000000000000000000, 6.500000000000000000, 0.000000000000000000 ) ) ;
#1153 = AXIS2_PLACEMENT_3D ( 'NONE', #122, #1195, #93 ) ;
#1154 = AXIS2_PLACEMENT_3D ( 'NONE', #878, #761, #1301 ) ;
#1155 = EDGE_LOOP ( 'NONE', ( #225, #537, #422, #1011 ) ) ;
#1156 = PRESENTATION_LAYER_ASSIGNMENT (  '', '', ( #440 ) ) ;
#1157 = DIRECTION ( 'NONE',  ( 0.000000000000000000, -1.000000000000000000, 0.000000000000000000 ) ) ;
#1158 = AXIS2_PLACEMENT_3D ( 'NONE', #296, #937, #403 ) ;
#1159 = CARTESIAN_POINT ( 'NONE',  ( 5.100000000000000533, -2.000000000000000000, -15.29999999999999893 ) ) ;
#1160 = CARTESIAN_POINT ( 'NONE',  ( 0.000000000000000000, 6.500000000000000000, -22.84999999999999787 ) ) ;
#1161 = EDGE_LOOP ( 'NONE', ( #668, #92, #579, #630 ) ) ;
#1162 = ADVANCED_FACE ( 'NONE', ( #1304 ), #682, .T. ) ;
#1163 = DIRECTION ( 'NONE',  ( 0.000000000000000000, 0.000000000000000000, 1.000000000000000000 ) ) ;
#1164 = VERTEX_POINT ( 'NONE', #254 ) ;
#1165 = CARTESIAN_POINT ( 'NONE',  ( -4.200000000000000178, -2.000000000000000000, -7.450000000000000178 ) ) ;
#1166 = CARTESIAN_POINT ( 'NONE',  ( -4.200000000000000178, 0.000000000000000000, -7.450000000000000178 ) ) ;
#1167 = ORIENTED_EDGE ( 'NONE', *, *, #193, .F. ) ;
#1168 = ADVANCED_FACE ( 'NONE', ( #117 ), #282, .F. ) ;
#1169 = APPLICATION_CONTEXT ( 'automotive_design' ) ;
#1170 = EDGE_LOOP ( 'NONE', ( #359, #680, #491, #330 ) ) ;
#1171 = CARTESIAN_POINT ( 'NONE',  ( 0.000000000000000000, 9.750000000000000000, 8.349999999999999645 ) ) ;
#1172 = DIRECTION ( 'NONE',  ( 0.000000000000000000, 0.000000000000000000, -1.000000000000000000 ) ) ;
#1173 = CIRCLE ( 'NONE', #570, 0.7500000000000006661 ) ;
#1174 = AXIS2_PLACEMENT_3D ( 'NONE', #1009, #592, #45 ) ;
#1175 =( GEOMETRIC_REPRESENTATION_CONTEXT ( 3 ) GLOBAL_UNCERTAINTY_ASSIGNED_CONTEXT ( ( #77 ) ) GLOBAL_UNIT_ASSIGNED_CONTEXT ( ( #547, #450, #1105 ) ) REPRESENTATION_CONTEXT ( 'NONE', 'WORKASPACE' ) );
#1176 = EDGE_LOOP ( 'NONE', ( #1123, #524 ) ) ;
#1177 = VECTOR ( 'NONE', #462, 1000.000000000000000 ) ;
#1178 = EDGE_LOOP ( 'NONE', ( #979, #746, #727, #1110 ) ) ;
#1179 = AXIS2_PLACEMENT_3D ( 'NONE', #521, #731, #195 ) ;
#1180 = DIRECTION ( 'NONE',  ( 0.000000000000000000, -1.000000000000000000, 0.000000000000000000 ) ) ;
#1181 = EDGE_CURVE ( 'NONE', #863, #183, #1202, .T. ) ;
#1182 = CARTESIAN_POINT ( 'NONE',  ( 0.000000000000000000, 6.500000000000000000, 7.849999999999999645 ) ) ;
#1183 = ORIENTED_EDGE ( 'NONE', *, *, #3, .T. ) ;
#1184 = EDGE_LOOP ( 'NONE', ( #1080, #969 ) ) ;
#1185 = DIRECTION ( 'NONE',  ( 0.000000000000000000, 0.000000000000000000, 1.000000000000000000 ) ) ;
#1186 = CARTESIAN_POINT ( 'NONE',  ( -4.200000000000000178, 0.000000000000000000, -4.250000000000000000 ) ) ;
#1187 = FILL_AREA_STYLE ('',( #1099 ) ) ;
#1188 = EDGE_CURVE ( 'NONE', #736, #750, #233, .T. ) ;
#1189 = LINE ( 'NONE', #740, #659 ) ;
#1190 = ORIENTED_EDGE ( 'NONE', *, *, #81, .F. ) ;
#1191 = CARTESIAN_POINT ( 'NONE',  ( -4.200000000000000178, -4.000000000000000000, -4.250000000000000000 ) ) ;
#1192 = CARTESIAN_POINT ( 'NONE',  ( -4.200000000000000178, 0.000000000000000000, -8.449999999999999289 ) ) ;
#1193 = CARTESIAN_POINT ( 'NONE',  ( -4.200000000000000178, 0.000000000000000000, -8.449999999999999289 ) ) ;
#1194 = AXIS2_PLACEMENT_3D ( 'NONE', #936, #487, #395 ) ;
#1195 = DIRECTION ( 'NONE',  ( 0.000000000000000000, -1.000000000000000000, 0.000000000000000000 ) ) ;
#1196 = APPLICATION_CONTEXT ( 'automotive_design' ) ;
#1197 = TOROIDAL_SURFACE ( 'NONE', #367, 3.750000000000000000, 0.5000000000000000000 ) ;
#1198 = COLOUR_RGB ( '',0.7921568627450980005, 0.8196078431372548767, 0.9333333333333333481 ) ;
#1199 = VERTEX_POINT ( 'NONE', #989 ) ;
#1200 = CARTESIAN_POINT ( 'NONE',  ( 0.000000000000000000, 0.000000000000000000, -21.39999999999999858 ) ) ;
#1201 = CIRCLE ( 'NONE', #733, 5.599999999999999645 ) ;
#1202 = CIRCLE ( 'NONE', #666, 0.7499999999999997780 ) ;
#1203 = DIRECTION ( 'NONE',  ( 0.000000000000000000, 0.000000000000000000, -1.000000000000000000 ) ) ;
#1204 = CARTESIAN_POINT ( 'NONE',  ( 0.000000000000000000, 3.250000000000000000, -21.27361162513000181 ) ) ;
#1205 = ORIENTED_EDGE ( 'NONE', *, *, #693, .F. ) ;
#1206 = ORIENTED_EDGE ( 'NONE', *, *, #1188, .T. ) ;
#1207 = EDGE_CURVE ( 'NONE', #554, #485, #260, .T. ) ;
#1208 = ORIENTED_EDGE ( 'NONE', *, *, #182, .F. ) ;
#1209 = DIRECTION ( 'NONE',  ( 0.000000000000000000, 0.000000000000000000, 1.000000000000000000 ) ) ;
#1210 = DIRECTION ( 'NONE',  ( 0.000000000000000000, 0.000000000000000000, -1.000000000000000000 ) ) ;
#1211 = DIRECTION ( 'NONE',  ( 0.000000000000000000, 0.000000000000000000, -1.000000000000000000 ) ) ;
#1212 = DIRECTION ( 'NONE',  ( 0.000000000000000000, -1.000000000000000000, 0.000000000000000000 ) ) ;
#1213 = SHAPE_REPRESENTATION ( 'NRJ4HF.STEP', ( #36, #1026 ), #151 ) ;
#1214 = ORIENTED_EDGE ( 'NONE', *, *, #1224, .T. ) ;
#1215 = EDGE_CURVE ( 'NONE', #1335, #1108, #444, .T. ) ;
#1216 = EDGE_LOOP ( 'NONE', ( #1006, #697, #618, #646 ) ) ;
#1217 = CARTESIAN_POINT ( 'NONE',  ( 0.000000000000000000, 6.500000000000000000, -22.21180581257000242 ) ) ;
#1218 = SURFACE_SIDE_STYLE ('',( #1323 ) ) ;
#1219 = CARTESIAN_POINT ( 'NONE',  ( 9.320000000000000284, 12.69999999999999929, 0.000000000000000000 ) ) ;
#1220 = VERTEX_POINT ( 'NONE', #1298 ) ;
#1221 = CARTESIAN_POINT ( 'NONE',  ( 0.000000000000000000, 6.500000000000000000, 0.000000000000000000 ) ) ;
#1222 = AXIS2_PLACEMENT_3D ( 'NONE', #85, #91, #177 ) ;
#1223 = FILL_AREA_STYLE_COLOUR ( '', #1114 ) ;
#1224 = EDGE_CURVE ( 'NONE', #750, #106, #569, .T. ) ;
#1225 = AXIS2_PLACEMENT_3D ( 'NONE', #1119, #159, #1030 ) ;
#1226 = DIRECTION ( 'NONE',  ( 0.000000000000000000, -1.000000000000000000, 0.000000000000000000 ) ) ;
#1227 = AXIS2_PLACEMENT_3D ( 'NONE', #1338, #389, #919 ) ;
#1228 = VERTEX_POINT ( 'NONE', #889 ) ;
#1229 = SURFACE_SIDE_STYLE ('',( #913 ) ) ;
#1230 = DIRECTION ( 'NONE',  ( 0.000000000000000000, 0.000000000000000000, -1.000000000000000000 ) ) ;
#1231 = EDGE_CURVE ( 'NONE', #694, #1254, #218, .T. ) ;
#1232 = ORIENTED_EDGE ( 'NONE', *, *, #168, .F. ) ;
#1233 = CARTESIAN_POINT ( 'NONE',  ( 7.230000000000000426, 0.000000000000000000, -6.450000000000000178 ) ) ;
#1234 = CARTESIAN_POINT ( 'NONE',  ( 0.000000000000000000, 0.000000000000000000, 0.000000000000000000 ) ) ;
#1235 = PLANE ( 'NONE',  #1294 ) ;
#1236 = DIRECTION ( 'NONE',  ( 0.000000000000000000, -1.000000000000000000, 0.000000000000000000 ) ) ;
#1237 = ORIENTED_EDGE ( 'NONE', *, *, #208, .T. ) ;
#1238 = ADVANCED_FACE ( 'NONE', ( #353 ), #259, .F. ) ;
#1239 = FACE_OUTER_BOUND ( 'NONE', #1016, .T. ) ;
#1240 = VECTOR ( 'NONE', #66, 1000.000000000000000 ) ;
#1241 = AXIS2_PLACEMENT_3D ( 'NONE', #1166, #1056, #735 ) ;
#1242 = PRODUCT_DEFINITION_FORMATION_WITH_SPECIFIED_SOURCE ( 'ANY', '', #416, .NOT_KNOWN. ) ;
#1243 = PRESENTATION_LAYER_ASSIGNMENT (  '', '', ( #279 ) ) ;
#1244 = PLANE ( 'NONE',  #973 ) ;
#1245 = ITEM_DEFINED_TRANSFORMATION ( 'NONE', 'NONE', #1026,  #104 ) ;
#1246 = EDGE_LOOP ( 'NONE', ( #507, #1063 ) ) ;
#1247 = MECHANICAL_DESIGN_GEOMETRIC_PRESENTATION_REPRESENTATION (  '', ( #440 ), #1363 ) ;
#1248 = COLOUR_RGB ( '',0.7921568627450980005, 0.8196078431372548767, 0.9333333333333333481 ) ;
#1249 = ORIENTED_EDGE ( 'NONE', *, *, #489, .F. ) ;
#1250 = ADVANCED_FACE ( 'NONE', ( #365 ), #377, .T. ) ;
#1251 = DIRECTION ( 'NONE',  ( 0.000000000000000000, 0.8660254037844288266, -0.5000000000000169864 ) ) ;
#1252 = MANIFOLD_SOLID_BREP ( 'NONE', #1382 ) ;
#1253 = DIRECTION ( 'NONE',  ( 0.000000000000000000, -1.000000000000000000, 0.000000000000000000 ) ) ;
#1254 = VERTEX_POINT ( 'NONE', #1128 ) ;
#1255 = EDGE_LOOP ( 'NONE', ( #369, #948, #681, #1087 ) ) ;
#1256 = PRODUCT_DEFINITION_SHAPE ( 'NONE', 'NONE',  #1394 ) ;
#1257 = CYLINDRICAL_SURFACE ( 'NONE', #872, 1.499999999999999556 ) ;
#1258 = CARTESIAN_POINT ( 'NONE',  ( 0.000000000000000000, 6.500000000000000000, 0.000000000000000000 ) ) ;
#1259 = CARTESIAN_POINT ( 'NONE',  ( 0.000000000000000000, 12.09999999999999964, 0.000000000000000000 ) ) ;
#1260 = MANIFOLD_SOLID_BREP ( 'NONE', #409 ) ;
#1261 = CARTESIAN_POINT ( 'NONE',  ( 5.100000000000000533, 0.000000000000000000, -13.79999999999999893 ) ) ;
#1262 = ORIENTED_EDGE ( 'NONE', *, *, #675, .T. ) ;
#1263 = EDGE_LOOP ( 'NONE', ( #128, #1303, #162, #364, #941, #1208, #205, #220 ) ) ;
#1264 = LINE ( 'NONE', #699, #702 ) ;
#1265 = FACE_OUTER_BOUND ( 'NONE', #1184, .T. ) ;
#1266 = DIRECTION ( 'NONE',  ( 0.000000000000000000, 0.000000000000000000, 1.000000000000000000 ) ) ;
#1267 = CIRCLE ( 'NONE', #412, 1.499999999999999556 ) ;
#1268 = DIRECTION ( 'NONE',  ( 0.000000000000000000, 0.000000000000000000, -1.000000000000000000 ) ) ;
#1269 = VERTEX_POINT ( 'NONE', #54 ) ;
#1270 = ADVANCED_FACE ( 'NONE', ( #480 ), #715, .F. ) ;
#1271 = AXIS2_PLACEMENT_3D ( 'NONE', #213, #670, #234 ) ;
#1272 = VECTOR ( 'NONE', #90, 1000.000000000000000 ) ;
#1273 = ORIENTED_EDGE ( 'NONE', *, *, #268, .T. ) ;
#1274 = DIRECTION ( 'NONE',  ( 0.000000000000000000, -1.000000000000000000, 0.000000000000000000 ) ) ;
#1275 = DIRECTION ( 'NONE',  ( 0.000000000000000000, 0.000000000000000000, -1.000000000000000000 ) ) ;
#1276 = ORIENTED_EDGE ( 'NONE', *, *, #1279, .T. ) ;
#1277 = CARTESIAN_POINT ( 'NONE',  ( 0.000000000000000000, 10.25000000000000000, 8.849999999999999645 ) ) ;
#1278 = CARTESIAN_POINT ( 'NONE',  ( -6.429999999999999716, 0.000000000000000000, 0.000000000000000000 ) ) ;
#1279 = EDGE_CURVE ( 'NONE', #965, #401, #1004, .T. ) ;
#1280 = ORIENTED_EDGE ( 'NONE', *, *, #126, .T. ) ;
#1281 = PRESENTATION_STYLE_ASSIGNMENT (( #306 ) ) ;
#1282 = ORIENTED_EDGE ( 'NONE', *, *, #193, .T. ) ;
#1283 = CARTESIAN_POINT ( 'NONE',  ( 9.320000000000000284, 12.69999999999999929, 0.000000000000000000 ) ) ;
#1284 = LINE ( 'NONE', #752, #1317 ) ;
#1285 = DIRECTION ( 'NONE',  ( 0.000000000000000000, 0.000000000000000000, -1.000000000000000000 ) ) ;
#1286 = ADVANCED_FACE ( 'NONE', ( #1143, #494 ), #1346, .T. ) ;
#1287 = EDGE_LOOP ( 'NONE', ( #765, #908 ) ) ;
#1288 = CYLINDRICAL_SURFACE ( 'NONE', #1089, 0.7499999999999997780 ) ;
#1289 = CYLINDRICAL_SURFACE ( 'NONE', #238, 0.9999999999999991118 ) ;
#1290 = VECTOR ( 'NONE', #714, 1000.000000000000114 ) ;
#1291 = CIRCLE ( 'NONE', #1174, 3.250000000000000444 ) ;
#1292 =( GEOMETRIC_REPRESENTATION_CONTEXT ( 3 ) GLOBAL_UNCERTAINTY_ASSIGNED_CONTEXT ( ( #486 ) ) GLOBAL_UNIT_ASSIGNED_CONTEXT ( ( #207, #1316, #136 ) ) REPRESENTATION_CONTEXT ( 'NONE', 'WORKASPACE' ) );
#1293 = PRODUCT_DEFINITION_SHAPE ( 'NONE', 'NONE',  #466 ) ;
#1294 = AXIS2_PLACEMENT_3D ( 'NONE', #1139, #1347, #914 ) ;
#1295 = EDGE_CURVE ( 'NONE', #326, #1310, #1025, .T. ) ;
#1296 = EDGE_LOOP ( 'NONE', ( #97, #116 ) ) ;
#1297 = AXIS2_PLACEMENT_3D ( 'NONE', #803, #48, #1118 ) ;
#1298 = CARTESIAN_POINT ( 'NONE',  ( 7.230000000000000426, 0.000000000000000000, -16.19999999999999929 ) ) ;
#1299 = AXIS2_PLACEMENT_3D ( 'NONE', #115, #246, #559 ) ;
#1300 = ORIENTED_EDGE ( 'NONE', *, *, #274, .T. ) ;
#1301 = DIRECTION ( 'NONE',  ( 0.000000000000000000, -1.000000000000000000, 0.000000000000000000 ) ) ;
#1302 = DIRECTION ( 'NONE',  ( 0.000000000000000000, -1.000000000000000000, 0.000000000000000000 ) ) ;
#1303 = ORIENTED_EDGE ( 'NONE', *, *, #799, .T. ) ;
#1304 = FACE_OUTER_BOUND ( 'NONE', #525, .T. ) ;
#1305 = EDGE_CURVE ( 'NONE', #86, #1375, #734, .T. ) ;
#1306 = CARTESIAN_POINT ( 'NONE',  ( 9.320000000000000284, 0.000000000000000000, -21.39999999999999858 ) ) ;
#1307 = EDGE_LOOP ( 'NONE', ( #816, #60, #394, #42 ) ) ;
#1308 = DIRECTION ( 'NONE',  ( 0.000000000000000000, -1.000000000000000000, 0.000000000000000000 ) ) ;
#1309 = PRODUCT_CONTEXT ( 'NONE', #745, 'mechanical' ) ;
#1310 = VERTEX_POINT ( 'NONE', #610 ) ;
#1311 = CARTESIAN_POINT ( 'NONE',  ( 7.230000000000000426, -4.000000000000000000, -4.250000000000000000 ) ) ;
#1312 = DIRECTION ( 'NONE',  ( 0.000000000000000000, 0.000000000000000000, 1.000000000000000000 ) ) ;
#1313 = CYLINDRICAL_SURFACE ( 'NONE', #499, 0.9999999999999991118 ) ;
#1314 = ADVANCED_FACE ( 'NONE', ( #1039 ), #83, .T. ) ;
#1315 = VECTOR ( 'NONE', #1094, 1000.000000000000000 ) ;
#1316 =( NAMED_UNIT ( * ) PLANE_ANGLE_UNIT ( ) SI_UNIT ( $, .RADIAN. ) );
#1317 = VECTOR ( 'NONE', #315, 1000.000000000000000 ) ;
#1318 = EDGE_LOOP ( 'NONE', ( #435, #651, #277, #318 ) ) ;
#1319 = DIRECTION ( 'NONE',  ( 0.000000000000000000, -1.000000000000000000, 0.000000000000000000 ) ) ;
#1320 = VECTOR ( 'NONE', #25, 1000.000000000000000 ) ;
#1321 = AXIS2_PLACEMENT_3D ( 'NONE', #848, #840, #1285 ) ;
#1322 = DIRECTION ( 'NONE',  ( 0.000000000000000000, -1.000000000000000000, 0.000000000000000000 ) ) ;
#1323 = SURFACE_STYLE_FILL_AREA ( #141 ) ;
#1324 = DIRECTION ( 'NONE',  ( 0.000000000000000000, 0.000000000000000000, -1.000000000000000000 ) ) ;
#1325 = ORIENTED_EDGE ( 'NONE', *, *, #63, .F. ) ;
#1326 = EDGE_CURVE ( 'NONE', #531, #209, #424, .T. ) ;
#1327 = EDGE_LOOP ( 'NONE', ( #206, #352, #754, #1102 ) ) ;
#1328 = CARTESIAN_POINT ( 'NONE',  ( -6.429999999999999716, 0.000000000000000000, -21.39999999999999858 ) ) ;
#1329 =( LENGTH_UNIT ( ) NAMED_UNIT ( * ) SI_UNIT ( .MILLI., .METRE. ) );
#1330 = CYLINDRICAL_SURFACE ( 'NONE', #150, 0.9999999999999991118 ) ;
#1331 = ORIENTED_EDGE ( 'NONE', *, *, #841, .F. ) ;
#1332 = DIRECTION ( 'NONE',  ( 0.000000000000000000, 0.000000000000000000, 1.000000000000000000 ) ) ;
#1333 = ADVANCED_FACE ( 'NONE', ( #1373 ), #171, .T. ) ;
#1334 = DIRECTION ( 'NONE',  ( -0.000000000000000000, 1.000000000000000000, 0.000000000000000000 ) ) ;
#1335 = VERTEX_POINT ( 'NONE', #748 ) ;
#1336 = AXIS2_PLACEMENT_3D ( 'NONE', #446, #1308, #796 ) ;
#1337 = EDGE_LOOP ( 'NONE', ( #1183, #475, #120, #690 ) ) ;
#1338 = CARTESIAN_POINT ( 'NONE',  ( 5.100000000000000533, -2.000000000000000000, -13.79999999999999893 ) ) ;
#1339 = EDGE_CURVE ( 'NONE', #1108, #750, #502, .T. ) ;
#1340 = CIRCLE ( 'NONE', #662, 0.7499999999999997780 ) ;
#1341 = DIRECTION ( 'NONE',  ( 0.000000000000000000, 0.000000000000000000, -1.000000000000000000 ) ) ;
#1342 = AXIS2_PLACEMENT_3D ( 'NONE', #1019, #474, #180 ) ;
#1343 = DIRECTION ( 'NONE',  ( 0.000000000000000000, -1.000000000000000000, 0.000000000000000000 ) ) ;
#1344 = AXIS2_PLACEMENT_3D ( 'NONE', #580, #700, #469 ) ;
#1345 = DIRECTION ( 'NONE',  ( 0.000000000000000000, -1.000000000000000000, 0.000000000000000000 ) ) ;
#1346 = PLANE ( 'NONE',  #810 ) ;
#1347 = DIRECTION ( 'NONE',  ( 0.000000000000000000, -1.000000000000000000, 0.000000000000000000 ) ) ;
#1348 = CARTESIAN_POINT ( 'NONE',  ( -6.429999999999999716, 0.000000000000000000, -21.39999999999999858 ) ) ;
#1349 = EDGE_LOOP ( 'NONE', ( #585, #37 ) ) ;
#1350 = CARTESIAN_POINT ( 'NONE',  ( 9.320000000000000284, 12.69999999999999929, -21.39999999999999858 ) ) ;
#1351 = FILL_AREA_STYLE_COLOUR ( '', #1248 ) ;
#1352 = LINE ( 'NONE', #605, #917 ) ;
#1353 = CARTESIAN_POINT ( 'NONE',  ( 5.100000000000000533, -2.000000000000000000, -12.30000000000000071 ) ) ;
#1354 = ORIENTED_EDGE ( 'NONE', *, *, #114, .F. ) ;
#1355 = EDGE_CURVE ( 'NONE', #401, #965, #834, .T. ) ;
#1356 = DIRECTION ( 'NONE',  ( 0.000000000000000000, 1.000000000000000000, 0.000000000000000000 ) ) ;
#1357 = ORIENTED_EDGE ( 'NONE', *, *, #698, .T. ) ;
#1358 = VECTOR ( 'NONE', #1345, 1000.000000000000000 ) ;
#1359 = CARTESIAN_POINT ( 'NONE',  ( 0.000000000000000000, 6.500000000000000000, 0.000000000000000000 ) ) ;
#1360 = DIRECTION ( 'NONE',  ( 0.000000000000000000, 0.000000000000000000, -1.000000000000000000 ) ) ;
#1361 = CIRCLE ( 'NONE', #617, 0.7500000000000006661 ) ;
#1362 = DIRECTION ( 'NONE',  ( 0.000000000000000000, 0.000000000000000000, 1.000000000000000000 ) ) ;
#1363 =( GEOMETRIC_REPRESENTATION_CONTEXT ( 3 ) GLOBAL_UNCERTAINTY_ASSIGNED_CONTEXT ( ( #688 ) ) GLOBAL_UNIT_ASSIGNED_CONTEXT ( ( #372, #261, #717 ) ) REPRESENTATION_CONTEXT ( 'NONE', 'WORKASPACE' ) );
#1364 = PRESENTATION_LAYER_ASSIGNMENT (  '', '', ( #578 ) ) ;
#1365 = VERTEX_POINT ( 'NONE', #94 ) ;
#1366 = DIRECTION ( 'NONE',  ( 0.000000000000000000, -1.000000000000000000, 0.000000000000000000 ) ) ;
#1367 = FACE_OUTER_BOUND ( 'NONE', #888, .T. ) ;
#1368 = CARTESIAN_POINT ( 'NONE',  ( 9.320000000000000284, 12.69999999999999929, 0.000000000000000000 ) ) ;
#1369 = CARTESIAN_POINT ( 'NONE',  ( 7.230000000000000426, 0.000000000000000000, -16.94999999999999929 ) ) ;
#1370 = ORIENTED_EDGE ( 'NONE', *, *, #944, .F. ) ;
#1371 = EDGE_LOOP ( 'NONE', ( #1273, #608, #109, #24 ) ) ;
#1372 = CARTESIAN_POINT ( 'NONE',  ( 7.230000000000000426, 0.000000000000000000, -8.449999999999999289 ) ) ;
#1373 = FACE_OUTER_BOUND ( 'NONE', #1318, .T. ) ;
#1374 = APPLICATION_CONTEXT ( 'automotive_design' ) ;
#1375 = VERTEX_POINT ( 'NONE', #600 ) ;
#1376 = ADVANCED_FACE ( 'NONE', ( #1367 ), #1061, .T. ) ;
#1377 = FACE_OUTER_BOUND ( 'NONE', #1246, .T. ) ;
#1378 = PLANE ( 'NONE',  #15 ) ;
#1379 = ORIENTED_EDGE ( 'NONE', *, *, #822, .T. ) ;
#1380 = CARTESIAN_POINT ( 'NONE',  ( 0.000000000000000000, 6.500000000000000000, 8.849999999999999645 ) ) ;
#1381 = DIRECTION ( 'NONE',  ( 0.000000000000000000, 0.000000000000000000, 1.000000000000000000 ) ) ;
#1382 = CLOSED_SHELL ( 'NONE', ( #992, #1017, #1314, #239 ) ) ;
#1383 = DIRECTION ( 'NONE',  ( 0.000000000000000000, 0.000000000000000000, -1.000000000000000000 ) ) ;
#1384 = ADVANCED_FACE ( 'NONE', ( #185, #1265 ), #619, .F. ) ;
#1385 = CIRCLE ( 'NONE', #345, 3.749999999999999112 ) ;
#1386 = CARTESIAN_POINT ( 'NONE',  ( -6.429999999999999716, 12.69999999999999929, 0.000000000000000000 ) ) ;
#1387 = ORIENTED_EDGE ( 'NONE', *, *, #709, .F. ) ;
#1388 = CIRCLE ( 'NONE', #169, 0.9999999999999991118 ) ;
#1389 = CIRCLE ( 'NONE', #170, 1.000000000000000000 ) ;
#1390 = AXIS2_PLACEMENT_3D ( 'NONE', #1258, #509, #632 ) ;
#1391 = DIRECTION ( 'NONE',  ( 0.000000000000000000, -1.000000000000000000, 0.000000000000000000 ) ) ;
#1392 = CARTESIAN_POINT ( 'NONE',  ( 7.230000000000000426, 0.000000000000000000, -6.450000000000000178 ) ) ;
#1393 = NEXT_ASSEMBLY_USAGE_OCCURRENCE ( 'NAUO1', ' ', ' ', #466, #199, $ ) ;
#1394 = NEXT_ASSEMBLY_USAGE_OCCURRENCE ( 'NAUO2', ' ', ' ', #199, #2, $ ) ;
ENDSEC;
END-ISO-10303-21;
